x,y,V_num,V_exact
0.06060606060606061,0.030303030303030304,1.0018383428860953,1.00183823477696
0.12121212121212122,0.030303030303030304,1.0036800660833922,1.0036798486610152
0.18181818181818182,0.030303030303030304,1.0055251772826286,1.005524847863758
0.24242424242424243,0.030303030303030304,1.0073736845491699,1.0073732386081986
0.30303030303030304,0.030303030303030304,1.0092255963486534,1.009225027128787
0.36363636363636365,0.030303030303030304,1.0110809215379744,1.0110802196714335
0.42424242424242425,0.030303030303030304,1.0129396693352888,1.01293882249353
0.48484848484848486,0.030303030303030304,1.0148018492753685,1.0148008418639705
0.5454545454545454,0.030303030303030304,1.016667471152051,1.0166662840631733
0.6060606060606061,0.030303030303030304,1.0185365449464356,1.0185351553831008
0.6666666666666667,0.030303030303030304,1.0204090807372341,1.0204074621272825
0.7272727272727273,0.030303030303030304,1.0222850885880514,1.0222832106108344
0.7878787878787878,0.030303030303030304,1.024164578405132,1.0241624071604816
0.8484848484848485,0.030303030303030304,1.0260475597580971,1.026045058114579
0.9090909090909092,0.030303030303030304,1.0279340416553335,1.0279311698231333
0.9696969696969697,0.030303030303030304,1.0298240322649517,1.0298207486478232
1.0303030303030303,0.030303030303030304,1.031717538571569,1.0317138009620228
1.0909090909090908,0.030303030303030304,1.0336145659586589,1.0336103331508208
1.1515151515151516,0.030303030303030304,1.0355151177058624,1.035510351611044
1.2121212121212122,0.030303030303030304,1.0374191943903852,1.0374138627512774
1.2727272727272727,0.030303030303030304,1.0393267931812462,1.0393208729918872
1.3333333333333335,0.030303030303030304,1.0412379070139868,1.0412313887650415
1.393939393939394,0.030303030303030304,1.0431525236299937,1.0431454165147318
1.4545454545454546,0.030303030303030304,1.0450706244554844,1.0450629626967955
1.5151515151515151,0.030303030303030304,1.0469921832732716,1.0469840337789376
1.5757575757575757,0.030303030303030304,1.048917164590167,1.048908636240752
1.6363636363636365,0.030303030303030304,1.0508455214887589,1.0508367765737434
1.696969696969697,0.030303030303030304,1.0527771924858882,1.05276846128135
1.7575757575757576,0.030303030303030304,1.054712096253203,1.054703696878964
1.8181818181818183,0.030303030303030304,1.056650121173256,1.0566424898939553
1.878787878787879,0.030303030303030304,1.058591100357713,1.058584846865692
1.9393939393939394,0.030303030303030304,1.0605347355522565,1.0605307743455634
0.06060606060606061,0.06060606060606061,1.003680064577072,1.0036798486610152
0.12121212121212122,0.06060606060606061,1.0073736727666767,1.0073732386081986
0.18181818181818182,0.06060606060606061,1.0110808773003195,1.0110802196714335
0.24242424242424243,0.06060606060606061,1.0148017318119875,1.0148008418639705
0.30303030303030304,0.06060606060606061,1.0185362908826572,1.0185351553831008
0.36363636363636365,0.06060606060606061,1.02228461001926,1.0222832106108344
0.42424242424242425,0.06060606060606061,1.0260467455935398,1.026045058114579
0.48484848484848486,0.06060606060606061,1.0298227547527392,1.0298207486478232
0.5454545454545454,0.06060606060606061,1.033612695305269,1.0336103331508208
0.6060606060606061,0.06060606060606061,1.0374166255784243,1.0374138627512774
0.6666666666666667,0.06060606060606061,1.0412346042408158,1.0412313887650415
0.7272727272727273,0.06060606060606061,1.0450666900789811,1.0450629626967955
0.7878787878787878,0.06060606060606061,1.0489129417151746,1.048908636240752
0.8484848484848485,0.06060606060606061,1.0527734172513545,1.05276846128135
0.9090909090909092,0.06060606060606061,1.0566481738226705,1.0566424898939553
0.9696969696969697,0.06060606060606061,1.0605372670422457,1.0605307743455634
1.0303030303030303,0.06060606060606061,1.0644407503177375,1.0644333670955044
1.0909090909090908,0.06060606060606061,1.0683586740191349,1.0683503207961507
1.1515151515151516,0.06060606060606061,1.0722910844765274,1.0722816882936277
1.2121212121212122,0.06060606060606061,1.0762380227861528,1.0762275226285263
1.2727272727272727,0.06060606060606061,1.080199523402427,1.0801878770366187
1.3333333333333335,0.06060606060606061,1.0841756124917665,1.0841628049495768
1.393939393939394,0.06060606060606061,1.0881663060179172,1.088152359995693
1.4545454545454546,0.06060606060606061,1.0921716075120855,1.0921565960006039
1.5151515151515151,0.06060606060606061,1.0961915054411993,1.0961755669880158
1.5757575757575757,0.06060606060606061,1.1002259699959747,1.1002093271804343
1.6363636363636365,0.06060606060606061,1.1042749489143406,1.1042579309998957
1.696969696969697,0.06060606060606061,1.1083383614849904,1.1083214330687012
1.7575757575757576,0.06060606060606061,1.1124160887455772,1.1123998882101536
1.8181818181818183,0.06060606060606061,1.1165079549387158,1.1164933514492972
1.878787878787879,0.06060606060606061,1.1206136866927086,1.1206018780136604
1.9393939393939394,0.06060606060606061,1.1247328085895942,1.124725523334
0.06060606060606061,0.09090909090909091,1.0055251710003872,1.005524847863758
0.12121212121212122,0.09090909090909091,1.0110808692399158,1.0110802196714335
0.18181818181818182,0.09090909090909091,1.0166672676084167,1.0166662840631733
0.24242424242424243,0.09090909090909091,1.0222845410076562,1.0222832106108344
0.30303030303030304,0.09090909090909091,1.0279328664056753,1.0279311698231333
0.36363636363636365,0.09090909090909091,1.0336124228007932,1.0336103331508208
0.42424242424242425,0.09090909090909091,1.0393233911297595,1.0393208729918872
0.48484848484848486,0.09090909090909091,1.0450659541364251,1.0450629626967955
0.5454545454545454,0.09090909090909091,1.0508402962048344,1.0508367765737434
0.6060606060606061,0.09090909090909091,1.056646603151776,1.0566424898939553
0.6666666666666667,0.09090909090909091,1.0624850619674335,1.0624802788970018
0.7272727272727273,0.09090909090909091,1.0683558604880963,1.0683503207961507
0.7878787878787878,0.09090909090909091,1.0742591869812832,1.0742527937837465
0.8484848484848485,0.09090909090909091,1.0801952296207145,1.0801878770366187
0.9090909090909092,0.09090909090909091,1.0861641758260294,1.0861557507215216
0.9696969696969697,0.09090909090909091,1.0921662114398698,1.0921565960006039
1.0303030303030303,0.09090909090909091,1.0982015197129809,1.0981905950369069
1.0909090909090908,0.09090909090909091,1.1042702800664042,1.1042579309998957
1.1515151515151516,0.09090909090909091,1.110372666598795,1.1103587880710182
1.2121212121212122,0.09090909090909091,1.1165088463063684,1.1164933514492972
1.2727272727272727,0.09090909090909091,1.1226789769824654,1.1226618073569519
1.3333333333333335,0.09090909090909091,1.1288832047617738,1.1288643430450505
1.393939393939394,0.09090909090909091,1.135121661267086,1.1351011467991956
1.4545454545454546,0.09090909090909091,1.1413944602960027,1.1413724079452383
1.5151515151515151,0.09090909090909091,1.147701693934051,1.1476783168550269
1.5757575757575757,0.09090909090909091,1.1540434278633362,1.1540190649521846
1.6363636363636365,0.09090909090909091,1.1604196953752393,1.1603948447179215
1.696969696969697,0.09090909090909091,1.1668304890192611,1.1668058496968772
1.7575757575757576,0.09090909090909091,1.1732757475169315,1.1732522745029952
1.8181818181818183,0.09090909090909091,1.1797553325048797,1.1797343148254322
1.878787878787879,0.09090909090909091,1.1862689822163295,1.1862521674344975
1.9393939393939394,0.09090909090909091,1.1928162117350938,1.1928060301876262
0.06060606060606061,0.12121212121212122,1.0073736681213372,1.0073732386081986
0.12121212121212122,0.12121212121212122,1.0148017049214828,1.0148008418639705
0.18181818181818182,0.12121212121212122,1.0222845167561427,1.0222832106108344
0.24242424242424243,0.12121212121212122,1.029822514392182,1.0298207486478232
0.30303030303030304,0.12121212121212122,1.0374161130675663,1.0374138627512774
0.36363636363636365,0.12121212121212122,1.0450657324433925,1.0450629626967955
0.42424242424242425,0.12121212121212122,1.0527717964889527,1.05276846128135
0.48484848484848486,0.12121212121212122,1.060534733319224,1.0605307743455634
0.5454545454545454,0.12121212121212122,1.0683549749885266,1.0683503207961507
0.6060606060606061,0.12121212121212122,1.076232957232747,1.0762275226285263
0.6666666666666667,0.12121212121212122,1.0841691191443283,1.0841628049495768
0.7272727272727273,0.12121212121212122,1.0921639027581873,1.0921565960006039
0.7878787878787878,0.12121212121212122,1.1002177525221184,1.1002093271804343
0.8484848484848485,0.12121212121212122,1.1083311146214312,1.1083214330687012
0.9090909090909092,0.12121212121212122,1.1165044361242435,1.1164933514492972
0.9696969696969697,0.12121212121212122,1.1247381639108227,1.124725523334
1.0303030303030303,0.12121212121212122,1.133032743347659,1.1330183929862727
1.0909090909090908,0.12121212121212122,1.1413886166648721,1.1413724079452383
1.1515151515151516,0.12121212121212122,1.1498062209941233,1.1497880190498326
1.2121212121212122,0.12121212121212122,1.1582859860237387,1.158265680463135
1.2727272727272727,0.12121212121212122,1.1668283312276908,1.1668058496968772
1.3333333333333335,0.12121212121212122,1.1754336626239923,1.175408987636134
1.393939393939394,0.12121212121212122,1.1841023690118804,1.1840755585641964
1.4545454545454546,0.12121212121212122,1.1928348176169448,1.1928060301876262
1.5151515151515151,0.12121212121212122,1.2016313490203927,1.2016008736614976
1.5757575757575757,0.12121212121212122,1.2104922711248411,1.2104605636148238
1.6363636363636365,0.12121212121212122,1.2194178516370586,1.2193855781761704
1.696969696969697,0.12121212121212122,1.2284083079687873,1.2283763989994594
1.7575757575757576,0.12121212121212122,1.237463792239357,1.2374335112899622
1.8181818181818183,0.12121212121212122,1.2465843665426515,1.246557403830484
1.878787878787879,0.12121212121212122,1.2557699587351074,1.2557485690077426
1.9393939393939394,0.12121212121212122,1.2650202818366953,1.2650075028389407
0.06060606060606061,0.15151515151515152,1.0092255619485495,1.009225027128787
0.12121212121212122,0.15151515151515152,1.0185362294668219,1.0185351553831008
0.18181818181818182,0.15151515151515152,1.0279327943001635,1.0279311698231333
0.24242424242424243,0.15151515151515152,1.0374160572875324,1.0374138627512774
0.30303030303030304,0.15151515151515152,1.0469868284367385,1.0469840337789376
0.36363636363636365,0.15151515151515152,1.0566459268820596,1.0566424898939553
0.42424242424242425,0.15151515151515152,1.0663941807694752,1.066390045528656
0.48484848484848486,0.15151515151515152,1.0762324270904482,1.0762275226285263
0.5454545454545454,0.15151515151515152,1.086161511466773,1.0861557507215216
0.6060606060606061,0.15151515151515152,1.0961822878754701,1.0961755669880158
0.6666666666666667,0.15151515151515152,1.1062956182929293,1.1062878163313936
0.7272727272727273,0.15151515151515152,1.1165023722303373,1.1164933514492972
0.7878787878787878,0.15151515151515152,1.1268034261269284,1.1267930329055273
0.8484848484848485,0.15151515151515152,1.13719966256303,1.137187729202609
0.9090909090909092,0.15151515151515152,1.1476919692507614,1.1476783168550269
0.9696969696969697,0.15151515151515152,1.158281237756459,1.158265680463135
1.0303030303030303,0.15151515151515152,1.1689683619054414,1.1689507127877503
1.0909090909090908,0.15151515151515152,1.17975423581702,1.1797343148254322
1.1515151515151516,0.15151515151515152,1.1906397515158789,1.190617395884458
1.2121212121212122,0.15151515151515152,1.2016257960656047,1.2016008736614976
1.2727272727272727,0.15151515151515152,1.2127132481709428,1.212685674318999
1.3333333333333335,0.15151515151515152,1.223902974196126,1.2238727325632832
1.393939393939394,0.15151515151515152,1.2351958235436657,1.2351629917233622
1.4545454545454546,0.15151515151515152,1.2465926233226872,1.246557403830484
1.5151515151515151,0.15151515151515152,1.2580941721904453,1.2580569296984105
1.5757575757575757,0.15151515151515152,1.2697012331397306,1.2696625390044367
1.6363636363636365,0.15151515151515152,1.2814145247613211,1.2813752103711573
1.696969696969697,0.15151515151515152,1.293234710011186,1.2931959314489865
1.7575757575757576,0.15151515151515152,1.3051623805468828,1.3051256989994402
1.8181818181818183,0.15151515151515152,1.3171980329903543,1.317165518979187
1.878787878787879,0.15151515151515152,1.329342031085942,1.329316406624873
1.9393939393939394,0.15151515151515152,1.3415945472968294,1.341579386538729
0.06060606060606061,0.18181818181818182,1.0110808585363158,1.0110802196714335
0.12121212121212122,0.18181818181818182,1.022284492772099,1.0222832106108344
0.18181818181818182,0.18181818181818182,1.0336122708118887,1.0336103331508208
0.24242424242424243,0.18181818181818182,1.0450655781039129,1.0450629626967955
0.30303030303030304,0.18181818181818182,1.0566458175656201,1.0566424898939553
0.36363636363636365,0.18181818181818182,1.0683544095903765,1.0683503207961507
0.42424242424242425,0.18181818181818182,1.0801927919832106,1.0801878770366187
0.48484848484848486,0.18181818181818182,1.0921624198465956,1.0921565960006039
0.5454545454545454,0.18181818181818182,1.1042647654163533,1.1042579309998957
0.6060606060606061,0.18181818181818182,1.1165013178323244,1.1164933514492972
0.6666666666666667,0.18181818181818182,1.1288735828173544,1.1288643430450505
0.7272727272727273,0.18181818181818182,1.1413830822301,1.1413724079452383
0.7878787878787878,0.18181818181818182,1.154031353450963,1.1540190649521846
0.8484848484848485,0.18181818181818182,1.1668199485552264,1.1668058496968772
0.9090909090909092,0.18181818181818182,1.1797504332226392,1.1797343148254322
0.9696969696969697,0.18181818181818182,1.1928243853281033,1.1928060301876262
1.0303030303030303,0.18181818181818182,1.2060433931538679,1.2060225830275157
1.0909090909090908,0.18181818181818182,1.2194090531601782,1.2193855781761702
1.1515151515151516,0.18181818181818182,1.2329229672491424,1.2328966382465403
1.2121212121212122,0.18181818181818182,1.2465867394563706,1.246557403830484
1.2727272727272727,0.18181818181818182,1.2604019720069244,1.2603695336979777
1.3333333333333335,0.18181818181818182,1.274370260675664,1.2743347049985336
1.393939393939394,0.18181818181818182,1.2884931893944738,1.288454613464849
1.4545454545454546,0.18181818181818182,1.3027723240429419,1.3027309736187114
1.5151515151515151,0.18181818181818182,1.3172092053299478,1.317165518979187
1.5757575757575757,0.18181818181818182,1.3318053405923522,1.3317600022731144
1.6363636363636365,0.18181818181818182,1.3465621941526764,1.3465161956479295
1.696969696969697,0.18181818181818182,1.361481175510506,1.3614358908868516
1.7575757575757576,0.18181818181818182,1.3765636239982986,1.3765208996264517
1.8181818181818183,0.18181818181818182,1.3918107876237578,1.3917730535766322
1.878787878787879,0.18181818181818182,1.4072237932890324,1.407194204743043
1.9393939393939394,0.18181818181818182,1.4228036084268798,1.4227862256519643
0.06060606060606061,0.21212121212121213,1.0129395639841288,1.01293882249353
0.12121212121212122,0.21212121212121213,1.0260465449730143,1.026045058114579
0.18181818181818182,0.21212121212121213,1.0393231178785678,1.0393208729918872
0.24242424242424243,0.21212121212121213,1.0527714883550616,1.05276846128135
0.30303030303030304,0.21212121212121213,1.066393893049027,1.066390045528656
0.36363636363636365,0.21212121212121213,1.0801925997387065,1.0801878770366187
0.42424242424242425,0.21212121212121213,1.0941699074122793,1.0941642362372586
0.48484848484848486,0.21212121212121213,1.108328146304454,1.1083214330687012
0.5454545454545454,0.21212121212121213,1.1226696778877432,1.1226618073569519
0.6060606060606061,0.21212121212121213,1.1371968947976467,1.137187729202609
0.6666666666666667,0.21212121212121213,1.151912220658928,1.151901599372582
0.7272727272727273,0.21212121212121213,1.1668181097715027,1.1668058496968772
0.7878787878787878,0.21212121212121213,1.1819170466078095,1.1819029434705175
0.8484848484848485,0.21212121212121213,1.1972115450677663,1.197195375860663
0.9090909090909092,0.21212121212121213,1.2127041474319076,1.212685674318999
0.9696969696969697,0.21212121212121213,1.2283974229478871,1.2283763989994594
1.0303030303030303,0.21212121212121213,1.2442939659803733,1.244270143181355
1.0909090909090908,0.21212121212121213,1.2603963936500235,1.2603695336979777
1.1515151515151516,0.21212121212121213,1.2767073428844884,1.276677231370749
1.2121212121212122,0.21212121212121213,1.293229466804257,1.2931959314489865
1.2727272727272727,0.21212121212121213,1.3099654303694659,1.30992836405536
1.3333333333333335,0.21212121212121213,1.3269179052208342,1.3268772946371126
1.393939393939394,0.21212121212121213,1.344089563657394,1.3440455244231173
1.4545454545454546,0.21212121212121213,1.3614830717009248,1.3614358908868516
1.5151515151515151,0.21212121212121213,1.3791010811914288,1.3790512682153573
1.5757575757575757,0.21212121212121213,1.3969462208191148,1.3968945677842732
1.6363636363636365,0.21212121212121213,1.4150210858932581,1.4149687386390102
1.696969696969697,0.21212121212121213,1.4333282264369631,1.4332767679821545
1.7575757575757576,0.21212121212121213,1.4518701328708818,1.4518216816671758
1.8181818181818183,0.21212121212121213,1.4706492182789035,1.4706065446985257
1.878787878787879,0.21212121212121213,1.4896677968220873,1.4896344617382034
1.9393939393939394,0.21212121212121213,1.50892806167949,1.508908577618879
0.06060606060606061,0.24242424242424243,1.0148016844335883,1.0148008418639705
0.12121212121212122,0.24242424242424243,1.0298224364388775,1.0298207486478232
0.18181818181818182,0.24242424242424243,1.0450655080981401,1.0450629626967955
0.24242424242424243,0.24242424242424243,1.060534202666363,1.0605307743455634
0.30303030303030304,0.24242424242424243,1.0762318750751287,1.0762275226285263
0.36363636363636365,0.24242424242424243,1.0921619323458627,1.0921565960006039
0.42424242424242425,0.24242424242424243,1.108327833961949,1.1083214330687012
0.48484848484848486,0.24242424242424243,1.1247330922163923,1.124725523334
0.5454545454545454,0.24242424242424243,1.1413812725260637,1.1413724079452383
0.6060606060606061,0.24242424242424243,1.1582759936851552,1.158265680463135
0.6666666666666667,0.24242424242424243,1.1754209280178491,1.175408987636134
0.7272727272727273,0.24242424242424243,1.1928198013813103,1.1928060301876262
0.7878787878787878,0.24242424242424243,1.210476392963264,1.2104605636148238
0.8484848484848485,0.24242424242424243,1.2283945348122787,1.2283763989994594
0.9090909090909092,0.24242424242424243,1.2465781110327487,1.246557403830484
0.9696969696969697,0.24242424242424243,1.2650310565702847,1.2650075028389407
1.0303030303030303,0.24242424242424243,1.28375735550701,1.283730678845196
1.0909090909090908,0.24242424242424243,1.3027610387808672,1.3027309736187114
1.1515151515151516,0.24242424242424243,1.3220461812394795,1.3220124887505382
1.2121212121212122,0.24242424242424243,1.3416168979388374,1.341579386538729
1.2727272727272727,0.24242424242424243,1.361477339601655,1.3614358908868516
1.3333333333333335,0.24242424242424243,1.381631687161093,1.3815862882158017
1.393939393939394,0.24242424242424243,1.40208414533332,1.4020349283891138
1.4545454545454546,0.24242424242424243,1.4228389351854531,1.4227862256519643
1.5151515151515151,0.24242424242424243,1.4439002856884828,1.4438446595840746
1.5757575757575757,0.24242424242424243,1.4652724242565407,1.4652147760667167
1.6363636363636365,0.24242424242424243,1.4869595662580237,1.4869011882640333
1.696969696969697,0.24242424242424243,1.5089659034305876,1.508908577618879
1.7575757575757576,0.24242424242424243,1.5312955910815682,1.531241694863405
1.8181818181818183,0.24242424242424243,1.553952734126924,1.5539053610445963
1.878787878787879,0.24242424242424243,1.5769413731012918,1.5769044685649933
1.9393939393939394,0.24242424242424243,1.6002654748172311,1.6002439822388124
0.06060606060606061,0.2727272727272727,1.0166672260627234,1.0166662840631733
0.12121212121212122,0.2727272727272727,1.033612217761908,1.0336103331508208
0.18181818181818182,0.2727272727272727,1.0508396150676609,1.0508367765737434
0.24242424242424243,0.2727272727272727,1.0683541387754973,1.0683503207961507
0.30303030303030304,0.2727272727272727,1.0861605914686454,1.0861557507215216
0.36363636363636365,0.2727272727272727,1.1042638584238293,1.1042579309998957
0.42424242424242425,0.2727272727272727,1.1226689085093504,1.1226618073569519
0.48484848484848486,0.2727272727272727,1.1413807950875232,1.1413724079452383
0.5454545454545454,0.2727272727272727,1.160404656905532,1.1603948447179215
0.6060606060606061,0.2727272727272727,1.179745718939405,1.1797343148254322
0.6666666666666667,0.2727272727272727,1.1994092931430955,1.1993961020353858
0.7272727272727273,0.2727272727272727,1.219400779045983,1.2193855781761702
0.7878787878787878,0.2727272727272727,1.2397256641353878,1.239708204604591
0.8484848484848485,0.2727272727272727,1.2603895239543426,1.2603695336979777
0.9090909090909092,0.2727272727272727,1.2813980218381902,1.2813752103711573
0.9696969696969697,0.2727272727272727,1.3027569082063268,1.3027309736187114
1.0303030303030303,0.2727272727272727,1.3244720193179982,1.324442658082935
1.0909090909090908,0.2727272727272727,1.3465492753943318,1.3465161956479292
1.1515151515151516,0.2727272727272727,1.3689946780040496,1.368957617060261
1.2121212121212122,0.2727272727272727,1.39181430660953,1.3917730535766322
1.2727272727272727,0.2727272727272727,1.415014314175326,1.4149687386390102
1.3333333333333335,0.2727272727272727,1.438600921755807,1.438551009577678
1.393939393939394,0.2727272727272727,1.4625804120049974,1.4625263093426641
1.4545454545454546,0.2727272727272727,1.4869591215919349,1.486901188264033
1.5151515151515151,0.2727272727272727,1.5117434325594021,1.5116823058415112
1.5757575757575757,0.2727272727272727,1.5369397627303305,1.5368764325639386
1.6363636363636365,0.2727272727272727,1.5625545553420932,1.5624904517590457
1.696969696969697,0.2727272727272727,1.5885942681830956,1.5885313614740575
1.7575757575757576,0.2727272727272727,1.6150653626763696,1.6150062763876434
1.8181818181818183,0.2727272727272727,1.6419742937965478,1.6419224297537276
1.878787878787879,0.2727272727272727,1.6693275029027501,1.6692871753776988
1.9393939393939394,0.2727272727272727,1.6971314183484782,1.6971079896255556
0.06060606060606061,0.30303030303030304,1.0185361950776675,1.0185351553831008
0.12121212121212122,0.30303030303030304,1.0374159397415923,1.0374138627512774
0.18181818181818182,0.30303030303030304,1.0566456133650084,1.0566424898939553
0.24242424242424243,0.30303030303030304,1.0762317175252185,1.0762275226285263
0.30303030303030304,0.30303030303030304,1.096180877725811,1.0961755669880158
0.36363636363636365,0.30303030303030304,1.1164998451150638,1.1164933514492972
0.42424242424242425,0.30303030303030304,1.1371954982475507,1.137187729202609
0.48484848484848486,0.30303030303030304,1.1582748448943923,1.158265680463135
0.5454545454545454,0.30303030303030304,1.1797450238772735,1.1797343148254322
0.6060606060606061,0.30303030303030304,1.2016133068815533,1.2016008736614976
0.6666666666666667,0.30303030303030304,1.2238871001916185,1.2238727325632832
0.7272727272727273,0.30303030303030304,1.2465739462837335,1.246557403830484
0.7878787878787878,0.30303030303030304,1.2696815252054272,1.2696625390044367
0.8484848484848485,0.30303030303030304,1.2932176556640904,1.2931959314489865
0.9090909090909092,0.30303030303030304,1.317190295740293,1.317165518979187
0.9696969696969697,0.30303030303030304,1.3416075431330179,1.341579386538729
1.0303030303030303,0.30303030303030304,1.3664776348352046,1.3664457689269895
1.0909090909090908,0.30303030303030304,1.39180894612959,1.3917730535766322
1.1515151515151516,0.30303030303030304,1.4176099887884717,1.4175697833826877
1.2121212121212122,0.30303030303030304,1.4438894083591165,1.4438446595840746
1.2727272727272727,0.30303030303030304,1.470655980422207,1.4706065446985257
1.3333333333333335,0.30303030303030304,1.4979186057282443,1.497864465511918
1.393939393939394,0.30303030303030304,1.5256863041513609,1.5256276161230067
1.4545454545454546,0.30303030303030304,1.553968207457412,1.5539053610445963
1.5151515151515151,0.30303030303030304,1.5827735509696823,1.5827072383621914
1.5757575757575757,0.30303030303030304,1.6121116643374287,1.612042962951193
1.6363636363636365,0.30303030303030304,1.6419919617778471,1.6419224297537278
1.696969696969697,0.30303030303030304,1.6724239323895747,1.6723557171162116
1.7575757575757576,0.30303030303030304,1.7034171314780264,1.7033530901887775
1.8181818181818183,0.30303030303030304,1.7349811744239403,1.7349250043877116
1.878787878787879,0.30303030303030304,1.7671257357322678,1.7670821089220647
1.9393939393939394,0.30303030303030304,1.7998605578163263,1.7998352503856327
0.06060606060606061,0.33333333333333337,1.0204085977015456,1.0204074621272825
0.12121212121212122,0.33333333333333337,1.0412336533637951,1.0412313887650415
0.18181818181818182,0.33333333333333337,1.0624836785234448,1.0624802788970018
0.24242424242424243,0.33333333333333337,1.0841673628477508,1.0841628049495768
0.30303030303030304,0.33333333333333337,1.106293577040551,1.1062878163313936
0.36363636363636365,0.33333333333333337,1.1288713758218174,1.1288643430450505
0.42424242424242425,0.33333333333333337,1.1519100010244647,1.151901599372582
0.48484848484848486,0.33333333333333337,1.1754188848047735,1.175408987636134
0.5454545454545454,0.33333333333333337,1.1994076529302966,1.1993961020353858
0.6060606060606061,0.33333333333333337,1.2238861280896565,1.2238727325632832
0.6666666666666667,0.33333333333333337,1.24886433315783,1.2488488690016821
0.7272727272727273,0.33333333333333337,1.2743524943440625,1.2743347049985336
0.7878787878787878,0.33333333333333337,1.3003610441442859,1.3003406422282728
0.8484848484848485,0.33333333333333337,1.326900624013771,1.3268772946371126
0.9090909090909092,0.33333333333333337,1.353982086668088,1.3539554927749704
0.9696969696969697,0.33333333333333337,1.3816164979110224,1.3815862882158017
1.0303030303030303,0.33333333333333337,1.4098151378776111,1.4097809580681384
1.0909090909090908,0.33333333333333337,1.4385895015699965,1.438551009577678
1.1515151515151516,0.33333333333333337,1.4679512985552448,1.4679081848237985
1.2121212121212122,0.33333333333333337,1.4979124516904314,1.497864465511918
1.2727272727272727,0.33333333333333337,1.5284850947451718,1.5284320778636546
1.3333333333333335,0.33333333333333337,1.5596815688109782,1.5596234976067809
1.393939393939394,0.33333333333333337,1.5915144174280407,1.5914514550670111
1.4545454545454546,0.33333333333333337,1.6239963804330348,1.6239289403636996
1.5151515151515151,0.33333333333333337,1.65714038664848,1.6570692087115697
1.5757575757575757,0.33333333333333337,1.6909595457093711,1.690885785830637
1.6363636363636365,0.33333333333333337,1.7254671395730674,1.725392473466536
1.696969696969697,0.33333333333333337,1.760676614606108,1.7606033550235025
1.7575757575757576,0.33333333333333337,1.7966015756221747,1.7965328013123112
1.8181818181818183,0.33333333333333337,1.8332557839194588,1.833195476415513
1.878787878787879,0.33333333333333337,1.8706531623067608,1.870606343672368
1.9393939393939394,0.33333333333333337,1.908807811261235,1.9087806717859161
0.06060606060606061,0.36363636363636365,1.022284440160338,1.0222832106108344
0.12121212121212122,0.36363636363636365,1.045065409774201,1.0450629626967955
0.18181818181818182,0.36363636363636365,1.068353986998455,1.0683503207961507
0.24242424242424243,0.36363636363636365,1.092161501740152,1.0921565960006039
0.30303030303030304,0.36363636363636365,1.1164995403212088,1.1164933514492972
0.36363636363636365,0.36363636363636365,1.1413799503268425,1.1413724079452383
0.42424242424242425,0.36363636363636365,1.1668148456760332,1.1668058496968772
0.48484848484848486,0.36363636363636365,1.1928166118981107,1.1928060301876262
0.5454545454545454,0.36363636363636365,1.2193979115653801,1.2193855781761702
0.6060606060606061,0.36363636363636365,1.2465716898136705,1.246557403830484
0.6666666666666667,0.36363636363636365,1.274351179874346,1.2743347049985336
0.7272727272727273,0.36363636363636365,1.3027499085371363,1.3027309736187114
0.7878787878787878,0.36363636363636365,1.3317817014592794,1.3317600022731144
0.8484848484848485,0.36363636363636365,1.3614606882308242,1.3614358908868516
0.9090909090909092,0.36363636363636365,1.3918013070977917,1.3917730535766322
0.9696969696969697,0.36363636363636365,1.422818309234244,1.4227862256519643
1.0303030303030303,0.36363636363636365,1.4545267624418536,1.4544904707723612
1.0909090909090908,0.36363636363636365,1.4869420541426284,1.486901188264033
1.1515151515151516,0.36363636363636365,1.5200798935189883,1.5200341205996206
1.2121212121212122,0.36363636363636365,1.5539563126486577,1.5539053610445963
1.2727272727272727,0.36363636363636365,1.5885876664844865,1.5885313614740577
1.3333333333333335,0.36363636363636365,1.62399063154835,1.6239289403636996
1.393939393939394,0.36363636363636365,1.660182203253712,1.660115290958853
1.4545454545454546,0.36363636363636365,1.6971796918570334,1.6971079896255556
1.5151515151515151,0.36363636363636365,1.7350007171820176,1.7349250043877116
1.5757575757575757,0.36363636363636365,1.7736632024850107,1.7735847036544856
1.6363636363636365,0.36363636363636365,1.813185368159496,1.8131058651421728
1.696969696969697,0.36363636363636365,1.8535857264365805,1.8535076849948748
1.7575757575757576,0.36363636363636365,1.8948830788422035,1.8948097871084157
1.8181818181818183,0.36363636363636365,1.9370965189104024,1.937032232662023
1.878787878787879,0.36363636363636365,1.9802454434420447,1.9801955298624054
1.9393939393939394,0.36363636363636365,2.024349576155801,2.024320643904962
0.06060606060606061,0.3939393939393939,1.0241637286654157,1.0241624071604816
0.12121212121212122,0.3939393939393939,1.048911260245511,1.048908636240752
0.18181818181818182,0.3939393939393939,1.0742567161261374,1.0742527937837465
0.24242424242424243,0.3939393939393939,1.100214564229862,1.1002093271804343
0.30303030303030304,0.3939393939393939,1.1267996261970499,1.1267930329055273
0.36363636363636365,0.3939393939393939,1.1540270849047634,1.1540190649521846
0.42424242424242425,0.3939393939393939,1.1819124923530202,1.1819029434705175
0.48484848484848486,0.3939393939393939,1.2104717778860805,1.2104605636148238
0.5454545454545454,0.3939393939393939,1.2397212566815752,1.239708204604591
0.6060606060606061,0.3939393939393939,1.2696776384252768,1.2696625390044367
0.6666666666666667,0.3939393939393939,1.300358036084897,1.3003406422282728
0.7272727272727273,0.3939393939393939,1.3317799746953303,1.3317600022731144
0.7878787878787878,0.3939393939393939,1.3639614000658895,1.3639385296880813
0.8484848484848485,0.3939393939393939,1.3969206873151103,1.3968945677842732
0.9090909090909092,0.3939393939393939,1.4306766491301164,1.4306469030913418
0.9696969696969697,0.3939393939393939,1.465248543635497,1.4652147760667167
1.0303030303030303,0.3939393939393939,1.5006560817419519,1.5006178920635944
1.0909090909090908,0.3939393939393939,1.5369194338290444,1.5368764325639386
1.1515151515151516,0.3939393939393939,1.5740592356013057,1.574011066682897
1.2121212121212122,0.3939393939393939,1.6120965929461541,1.612042962951193
1.2727272727272727,0.3939393939393939,1.6510530856208052,1.6509938013822087
1.3333333333333335,0.3939393939393939,1.690950769611762,1.690885785830637
1.393939393939394,0.3939393939393939,1.7318121780567104,1.7317416566497477
1.4545454545454546,0.3939393939393939,1.7736603207123625,1.7735847036544856
1.5151515151515151,0.3939393939393939,1.8165186821169668,1.8164387793977874
1.5757575757575757,0.3939393939393939,1.8604112188634812,1.8603283127676848
1.6363636363636365,0.3939393939393939,1.9053623568024283,1.9052783229129493
1.696969696969697,0.3939393939393939,1.9513969895598509,1.9513144335052113
1.7575757575757576,0.3939393939393939,1.9985404804854456,1.9984628873456887
1.8181818181818183,0.3939393939393939,2.0468186709700156,2.046750561324847
1.878787878787879,0.3939393939393939,2.09625789878156,2.096204981743522
1.9393939393939394,0.3939393939393939,2.1468850302169176,2.146854340004239
0.06060606060606061,0.42424242424242425,1.0260464693923055,1.026045058114579
0.12121212121212122,0.42424242424242425,1.0527712561376392,1.05276846128135
0.18181818181818182,0.42424242424242425,1.0801920440722261,1.0801878770366187
0.24242424242424243,0.42424242424242425,1.1083269833294889,1.1083214330687012
0.30303030303030304,0.42424242424242425,1.137194701013657,1.137187729202609
0.36363636363636365,0.42424242424242425,1.1668143124233157,1.1668058496968772
0.42424242424242425,0.42424242424242425,1.197205432840737,1.197195375860663
0.48484848484848486,0.42424242424242425,1.2283881898327116,1.2283763989994594
0.5454545454545454,0.42424242424242425,1.260383235974971,1.2603695336979777
0.6060606060606061,0.42424242424242425,1.2932117619026104,1.2931959314489865
0.6666666666666667,0.42424242424242425,1.32689550959027,1.3268772946371126
0.7272727272727273,0.42424242424242425,1.3614567857692308,1.3614358908868516
0.7878787878787878,0.42424242424242425,1.396918475389276,1.3968945677842732
0.8484848484848485,0.42424242424242425,1.4333040550290659,1.4332767679821545
0.9090909090909092,0.42424242424242425,1.4706376061497628,1.4706065446985257
0.9696969696969697,0.42424242424242425,1.5089438280730434,1.508908577618879
1.0303030303030303,0.42424242424242425,1.5482480505474145,1.5482081892125497
1.0909090909090908,0.42424242424242425,1.5885762457474009,1.5885313614740575
1.1515151515151516,0.42424242424242425,1.6299550395305853,1.6299047531004809
1.2121212121212122,0.42424242424242425,1.672411721761467,1.6723557171162116
1.2727272727272727,0.42424242424242425,1.7159742555038566,1.7159123189567518
1.3333333333333335,0.42424242424242425,1.7606712848943333,1.7606033550235025
1.393939393939394,0.42424242424242425,1.8065321415520177,1.8064583717218126
1.4545454545454546,0.42424242424242425,1.853586849475775,1.8535076849948748
1.5151515151515151,0.42424242424242425,1.901866128558947,1.9017824003663852
1.5757575757575757,0.42424242424242425,1.9514013971535793,1.9513144335052113
1.6363636363636365,0.42424242424242425,2.002224774585693,2.0021365313256716
1.696969696969697,0.42424242424242425,2.0543690851971075,2.0542822936373706
1.7575757575757576,0.42424242424242425,2.1078678663621004,2.1077861953589068
1.8181818181818183,0.42424242424242425,2.162755383888803,2.162683609310137
1.878787878787879,0.42424242424242425,2.219066658957884,2.219010829598067
1.9393939393939394,0.42424242424242425,2.276837510681148,2.276805095611829
0.06060606060606061,0.4545454545454546,1.027932668455137,1.0279311698231333
0.12121212121212122,0.4545454545454546,1.056645448849962,1.0566424898939553
0.18181818181818182,0.4545454545454546,1.0861601497706164,1.0861557507215216
0.24242424242424243,0.4545454545454546,1.1164991949797112,1.1164933514492972
0.30303030303030304,0.4545454545454546,1.1476856388161938,1.1476783168550269
0.36363636363636365,0.4545454545454546,1.1797431824335676,1.1797343148254322
0.42424242424242425,0.4545454545454546,1.212696190870942,1.212685674318999
0.48484848484848486,0.4545454545454546,1.2465697108734544,1.246557403830484
0.5454545454545454,0.4545454545454546,1.28138948934934,1.2813752103711573
0.6060606060606061,0.4545454545454546,1.3171819923499095,1.317165518979187
0.6666666666666667,0.4545454545454546,1.353974424468104,1.3539554927749704
0.7272727272727273,0.4545454545454546,1.391794748560361,1.3917730535766322
0.7878787878787878,0.4545454545454546,1.4306717057002896,1.4306469030913418
0.8484848484848485,0.4545454545454546,1.4706348352696317,1.4706065446985257
0.9090909090909092,0.4545454545454546,1.5117144950824732,1.5116823058415114
0.9696969696969697,0.4545454545454546,1.5539418814233636,1.5539053610445963
1.0303030303030303,0.4545454545454546,1.5973490488600137,1.5973077555730102
1.0909090909090908,0.4545454545454546,1.6419689296679592,1.6419224297537276
1.1515151515151516,0.4545454545454546,1.6878353526798207,1.6877832439755907
1.2121212121212122,0.4545454545454546,1.7349830613491217,1.7349250043877116
1.2727272727272727,0.4545454545454546,1.783447730803363,1.783383489315665
1.3333333333333335,0.4545454545454546,1.833265983662796,1.833195476415513
1.393939393939394,0.4545454545454546,1.884475404435391,1.8843987705862741
1.4545454545454546,0.4545454545454546,1.9371145523890705,1.937032232662023
1.5151515151515151,0.4545454545454546,1.9912229729853068,1.9911358089053888
1.5757575757575757,0.4545454545454546,2.046841208283472,2.046750561324847
1.6363636363636365,0.4545454545454546,2.104010807252456,2.103918698838805
1.696969696969697,0.4545454545454546,2.1627743377091115,2.162683609310137
1.7575757575757576,0.4545454545454546,2.2231754026465596,2.223089892475485
1.8181818181818183,0.4545454545454546,2.285258664891668,2.285183393794309
1.878787878787879,0.4545454545454546,2.349069884954655,2.3490112392433815
1.9393939393939394,0.4545454545454546,2.4146559768558626,2.4146218710831375
0.06060606060606061,0.48484848484848486,1.0298223318760358,1.0298207486478232
0.12121212121212122,0.48484848484848486,1.0605338897643881,1.0605307743455634
0.18181818181818182,0.48484848484848486,1.0921612128499927,1.0921565960006039
0.24242424242424243,0.48484848484848486,1.1247316379789625,1.124725523334
0.30303030303030304,0.48484848484848486,1.1582733213194019,1.158265680463135
0.36363636363636365,0.48484848484848486,1.192815261248176,1.1928060301876262
0.42424242424242425,0.48484848484848486,1.228387322425125,1.2283763989994594
0.48484848484848486,0.48484848484848486,1.265020260932566,1.2650075028389407
0.5454545454545454,0.48484848484848486,1.3027457503382422,1.3027309736187114
0.6060606060606061,0.48484848484848486,1.3415964085520657,1.341579386538729
0.6666666666666667,0.48484848484848486,1.3816058253672956,1.3815862882158017
0.7272727272727273,0.48484848484848486,1.4228085905928434,1.4227862256519643
0.7878787878787878,0.48484848484848486,1.465240322690745,1.4652147760667167
0.8484848484848485,0.48484848484848486,1.508937697830922,1.508908577618879
0.9090909090909092,0.48484848484848486,1.553938479265293,1.5539053610445963
0.9696969696969697,0.48484848484848486,1.6002815469061347,1.6002439822388124
1.0303030303030303,0.48484848484848486,1.648006926970632,1.647964455808348
1.0909090909090908,0.48484848484848486,1.6971558215259797,1.6971079896255556
1.1515151515151516,0.48484848484848486,1.747770637738784,1.7477170204123922
1.2121212121212122,0.48484848484848486,1.7998950166019414,1.7998352503856327
1.2727272727272727,0.48484848484848486,1.8535738608866885,1.8535076849948748
1.3333333333333335,0.48484848484848486,1.9088533620565018,1.9087806717859161
1.393939393939394,0.48484848484848486,1.9657810258990265,1.9657019404230673
1.4545454545454546,0.48484848484848486,2.02440569670868,2.024320643904962
1.5151515151515151,0.48484848484848486,2.084777580027377,2.084687401009452
1.5757575757575757,0.48484848484848486,2.1469482642847812,2.146854340004239
1.6363636363636365,0.48484848484848486,2.210970742250913,2.210875143660994
1.696969696969697,0.48484848484848486,2.2768994341050215,2.276805095611829
1.7575757575757576,0.48484848484848486,2.34479021517098,2.3447011280881522
1.8181818181818183,0.48484848484848486,2.414700452856995,2.4146218710831375
1.878787878787879,0.48484848484848486,2.4866890586293637,2.4866277029802446
1.9393939393939394,0.48484848484848486,2.560816561017578,2.5607808026915326
0.06060606060606061,0.5151515151515151,1.0317154655485035,1.0317138009620228
0.12121212121212122,0.5151515151515151,1.0644366301776844,1.0644333670955044
0.18181818181818182,0.5151515151515151,1.0981954135468321,1.0981905950369069
0.24242424242424243,0.5151515151515151,1.1330247538983464,1.1330183929862727
0.30303030303030304,0.5151515151515151,1.1689586378630494,1.1689507127877503
0.36363636363636365,0.5151515151515151,1.206032132006671,1.2060225830275157
0.42424242424242425,0.5151515151515151,1.2442814160283686,1.244270143181355
0.48484848484848486,0.5151515151515151,1.2837438174381504,1.283730678845196
0.5454545454545454,0.5151515151515151,1.3244578475381295,1.324442658082935
0.6060606060606061,0.5151515151515151,1.366463238564025,1.3664457689269895
0.6666666666666667,0.5151515151515151,1.409800981877738,1.4097809580681384
0.7272727272727273,0.5151515151515151,1.4545133671261778,1.4544904707723612
0.7878787878787878,0.5151515151515151,1.5006440222926978,1.5006178920635944
0.8484848484848485,0.5151515151515151,1.5482379545666716,1.5482081892125497
0.9090909090909092,0.5151515151515151,1.5973415919459655,1.5973077555730102
0.9696969696969697,0.5151515151515151,1.6480028254679566,1.647964455808348
1.0303030303030303,0.5151515151515151,1.7002710519387352,1.700227672552342
1.0909090909090908,0.5151515151515151,1.7541972169979982,1.75414835454979
1.1515151515151516,0.5151515151515151,1.8098338583202094,1.8097790663238422
1.2121212121212122,0.5151515151515151,1.8672351487130059,1.867174039418472
1.2727272727272727,0.5151515151515151,1.9264569388360546,1.9263892252660453
1.3333333333333335,0.5151515151515151,1.9875567992360028,1.9874823497315182
1.393939393939394,0.5151515151515151,2.0505940613917755,2.050512969386437
1.4545454545454546,0.5151515151515151,2.1156298575166654,2.1155425295676045
1.5151515151515151,0.5151515151515151,2.1827271590154496,2.1826344242770057
1.5757575757575757,0.5151515151515151,2.251950813817869,2.2518540579813857
1.6363636363636365,0.5151515151515151,2.32336758340554,2.323268909371731
1.696969696969697,0.5151515151515151,2.397046181339616,2.3969485971448017
1.7575757575757576,0.5151515151515151,2.473057316574759,2.4729649478708517
1.8181818181818183,0.5151515151515151,2.551473746753207,2.551392066013687
1.878787878787879,0.5151515151515151,2.632370348565468,2.6323064061713293
1.9393939393939394,0.5151515151515151,2.7158242130127697,2.715786847607704
0.06060606060606061,0.5454545454545454,1.0336120751935007,1.0336103331508208
0.12121212121212122,0.5454545454545454,1.0683537212210268,1.0683503207961507
0.18181818181818182,0.5454545454545454,1.104262932602665,1.1042579309998957
0.24242424242424243,0.5454545454545454,1.141378986979961,1.1413724079452383
0.30303030303030304,0.5454545454545454,1.1797424853514449,1.1797343148254322
0.36363636363636365,0.5454545454545454,1.2193953947267313,1.2193855781761702
0.42424242424242425,0.5454545454545454,1.2603810930329893,1.2603695336979777
0.48484848484848486,0.5454545454545454,1.3027444160342228,1.3027309736187114
0.5454545454545454,0.5454545454545454,1.3465317060520074,1.3465161956479292
0.6060606060606061,0.5454545454545454,1.3917908623349367,1.3917730535766322
0.6666666666666667,0.5454545454545454,1.4385713929760646,1.438551009577678
0.7272727272727273,0.5454545454545454,1.486924468311272,1.486901188264033
0.7878787878787878,0.5454545454545454,1.5369029757464703,1.5368764325639386
0.8484848484848485,0.5454545454545454,1.5885615759615965,1.5885313614740575
0.9090909090909092,0.5454545454545454,1.6419567604276488,1.6419224297537276
0.9696969696969697,0.5454545454545454,1.6971469101520014,1.6971079896255556
1.0303030303030303,0.5454545454545454,1.754192355538163,1.75414835454979
1.0909090909090908,0.5454545454545454,1.8131554372095269,1.8131058651421725
1.1515151515151516,0.5454545454545454,1.8741005676030988,1.8740449573073084
1.2121212121212122,0.5454545454545454,1.937094293089906,1.9370322326620228
1.2727272727272727,0.5454545454545454,2.002205356326805,2.0021365313256716
1.3333333333333335,0.5454545454545454,2.0695047584968527,2.0694290071569563
1.393939393939394,0.5454545454545454,2.1390658210664713,2.138983205519474
1.4545454545454546,0.5454545454545454,2.210964246704569,2.210875143660994
1.5151515151515151,0.5454545454545454,2.2852781791199703,2.2851833937943087
1.5757575757575757,0.5454545454545454,2.3620882618608317,2.3619891689704584
1.6363636363636365,0.5454545454545454,2.441477696709777,2.441376411838186
1.696969696969697,0.5454545454545454,2.523532303374949,2.5234318863866227
1.7575757575757576,0.5454545454545454,2.6083405839022884,2.6082452727714815
1.8181818181818183,0.5454545454545454,2.6959937976751327,2.695909265328385
1.878787878787879,0.5454545454545454,2.7865860556434847,2.786519673880456
1.9393939393939394,0.5454545454545454,2.880214444221067,2.880175528450895
0.06060606060606061,0.5757575757575758,1.0355121663064952,1.035510351611044
0.12121212121212122,0.5757575757575758,1.0722852137641252,1.0722816882936277
0.18181818181818182,0.5757575757575758,1.110363951142946,1.1103587880710182
0.24242424242424243,0.5757575757575758,1.149794784016532,1.1497880190498326
0.30303030303030304,0.5757575757575758,1.1906257681755217,1.190617395884458
0.36363636363636365,0.5757575757575758,1.2329066663404153,1.2328966382465403
0.42424242424242425,0.5757575757575758,1.2766890078911861,1.276677231370749
0.48484848484848486,0.5757575757575758,1.3220261512891787,1.3220124887505382
0.5454545454545454,0.5757575757575758,1.3689733489431957,1.368957617060261
0.6060606060606061,0.5757575757575758,1.4175878143669438,1.4175697833826877
0.6666666666666667,0.5757575757575758,1.467928791548011,1.4679081848237985
0.7272727272727273,0.5757575757575758,1.520057626491793,1.5200341205996206
0.7878787878787878,0.5757575757575758,1.5740378409221432,1.574011066682897
0.8484848484848485,0.5757575757575758,1.6299352081208593,1.6299047531004809
0.9090909090909092,0.5757575757575758,1.6878178308753964,1.6877832439755907
0.9696969696969697,0.5757575757575758,1.7477562214813098,1.7477170204123922
1.0303030303030303,0.5757575757575758,1.8098233837140918,1.8097790663238422
1.0909090909090908,0.5757575757575758,1.8740948966442899,1.8740449573073084
1.1515151515151516,0.5757575757575758,1.9406490001197687,1.940592952676195
1.2121212121212122,0.5757575757575758,2.009566681679667,2.0095040907596404
1.2727272727272727,0.5757575757575758,2.080931764597231,2.080862287586346
1.3333333333333335,0.5757575757575758,2.1548309966780477,2.1547544390726987
1.393939393939394,0.5757575757575758,2.2313541393775216,2.231270526839628
1.4545454545454546,0.5757575757575758,2.310594056771544,2.310503727787062
1.5151515151515151,0.5757575757575758,2.3926468039650635,2.392550527559408
1.5757575757575757,0.5757575757575758,2.477611714743744,2.477510838040231
1.6363636363636365,0.5757575757575758,2.565591488815544,2.565488119019212
1.696969696969697,0.5757575757575758,2.6566922800867956,2.6565895041795398
1.7575757575757576,0.5757575757575758,2.7510237893758847,2.750925931559164
1.8181818181818183,0.5757575757575758,2.848699368036637,2.8486122786447683
1.878787878787879,0.5757575757575758,2.9498361429531332,2.949767502262981
1.9393939393939394,0.5757575757575758,3.054555176863524,3.05451478343917
0.06060606060606061,0.6060606060606061,1.037415744093079,1.0374138627512774
0.12121212121212122,0.6060606060606061,1.0762311583004254,1.0762275226285263
0.18181818181818182,0.6060606060606061,1.1164986505342718,1.1164933514492972
0.24242424242424243,0.6060606060606061,1.1582725942099341,1.158265680463135
0.30303030303030304,0.6060606060606061,1.2016093981159357,1.2016008736614976
0.36363636363636365,0.6060606060606061,1.2465675807143755,1.246557403830484
0.42424242424242425,0.6060606060606061,1.2932078484160237,1.2931959314489865
0.48484848484848486,0.6060606060606061,1.341593177400119,1.341579386538729
0.5454545454545454,0.6060606060606061,1.3917888986987528,1.3917730535766322
0.6060606060606061,0.6060606060606061,1.4438627864084752,1.4438446595840746
0.6666666666666667,0.6060606060606061,1.497885148987978,1.497864465511918
0.7272727272727273,0.6060606060606061,1.5539289236528873,1.5539053610445963
0.7878787878787878,0.6060606060606061,1.6120697738992102,1.612042962951193
0.8484848484848485,0.6060606060606061,1.6723861901869,1.6723557171162116
0.9090909090909092,0.6060606060606061,1.7349595938010869,1.7349250043877116
0.9696969696969697,0.6060606060606061,1.7998744438840744,1.7998352503856327
1.0303030303030303,0.6060606060606061,1.8672183475971682,1.867174039418472
1.0909090909090908,0.6060606060606061,1.9370821733272052,1.9370322326620228
1.1515151515151516,0.6060606060606061,2.009560166796825,2.0095040907596404
1.2121212121212122,0.6060606060606061,2.084750069868565,2.084687401009452
1.2727272727272727,0.6060606060606061,2.1627532417497015,2.162683609310137
1.3333333333333335,0.6060606060606061,2.243674782208814,2.2435979570433036
1.393939393939394,0.6060606060606061,2.327623656313393,2.3275396230771683
1.4545454545454546,0.6060606060606061,2.4147128201097656,2.414621871083137
1.5151515151515151,0.6060606060606061,2.5050593466356936,2.5049622023640743
1.5757575757575757,0.6060606060606061,2.5987845517725927,2.598682514400461
1.6363636363636365,0.6060606060606061,2.696014119879789,2.695909265328385
1.696969696969697,0.6060606060606061,2.79687823020708,2.796773644571278
1.7575757575757576,0.6060606060606061,2.9015116872124036,2.9014117498556575
1.8181818181818183,0.6060606060606061,3.0100540616572022,3.009964770849701
1.878787878787879,0.6060606060606061,3.1226498549097377,3.122579179672452
1.9393939393939394,0.6060606060606061,3.2394487049768035,3.2394069285307134
0.06060606060606061,0.6363636363636364,1.0393228133897683,1.0393208729918872
0.12121212121212122,0.6363636363636364,1.080191604808693,1.0801878770366187
0.18181818181818182,0.6363636363636364,1.1226672122158774,1.1226618073569519
0.24242424242424243,0.6363636363636364,1.1668128690058932,1.1668058496968772
0.30303030303030304,0.6363636363636364,1.2126942942256416,1.212685674318999
0.36363636363636365,0.6363636363636364,1.2603797886532218,1.2603695336979777
0.42424242424242425,0.6363636363636364,1.309940336030221,1.30992836405536
0.48484848484848486,0.6363636363636364,1.3614497088925792,1.3614358908868516
0.5454545454545454,0.6363636363636364,1.4149845787021837,1.4149687386390102
0.6060606060606061,0.6363636363636364,1.4706246301818977,1.4706065446985257
0.6666666666666667,0.6363636363636364,1.528452679876327,1.5284320778636546
0.7272727272727273,0.6363636363636364,1.588554799019219,1.5885313614740577
0.7878787878787878,0.6363636363636364,1.6510204408090603,1.6509938013822087
0.8484848484848485,0.6363636363636364,1.7159425721929529,1.7159123189567518
0.9090909090909092,0.6363636363636364,1.7834178102437261,1.783383489315665
0.9696969696969697,0.6363636363636364,1.8535465631897787,1.8535076849948748
1.0303030303030303,0.6363636363636364,1.926433176121963,1.9263892252660453
1.0909090909090908,0.6363636363636364,2.0021860813553984,2.0021365313256716
1.1515151515151516,0.6363636363636364,2.080917953363862,2.080862287586346
1.2121212121212122,0.6363636363636364,2.1627458681270135,2.162683609310137
1.2727272727272727,0.6363636363636364,2.2477914666323824,2.247722216833457
1.3333333333333335,0.6363636363636364,2.3361811221522375,2.3361046166426087
1.393939393939394,0.6363636363636364,2.428046110771045,2.427962289569374
1.4545454545454546,0.6363636363636364,2.5235227844833097,2.523431886386623
1.5151515151515151,0.6363636363636364,2.6227527460477145,2.62265543109491
1.5757575757575757,0.6363636363636364,2.725883024754574,2.725780532202476
1.6363636363636365,0.6363636363636364,2.83306625251942,2.8329606023129688
1.696969696969697,0.6363636363636364,2.9444608406122934,2.9443550863475374
1.7575757575757576,0.6363636363636364,3.0602311595018357,3.060129698740826
1.8181818181818183,0.6363636363636364,3.180547728668009,3.180456669963717
1.878787878787879,0.6363636363636364,3.3055874306847537,3.305515002739561
1.9393939393939394,0.6363636363636364,3.435533773724061,3.4354907383350604
0.06060606060606061,0.6666666666666667,1.0412333785651064,1.0412313887650415
0.12121212121212122,0.6666666666666667,1.084166602584627,1.0841628049495768
0.18181818181818182,0.6666666666666667,1.128869817500366,1.1288643430450505
0.24242424242424243,0.6666666666666667,1.1754160619018843,1.175408987636134
0.30303030303030304,0.6666666666666667,1.2238813826905306,1.2238727325632832
0.36363636363636365,0.6666666666666667,1.2743449578854482,1.2743347049985336
0.42424242424242425,0.6666666666666667,1.326889226002415,1.3268772946371126
0.48484848484848486,0.6666666666666667,1.3816000213153492,1.3815862882158017
0.5454545454545454,0.6666666666666667,1.4385667147150871,1.438551009577678
0.6060606060606061,0.6666666666666667,1.4978823601453737,1.497864465511918
0.6666666666666667,0.6666666666666667,1.5596438467348845,1.5596234976067809
0.7272727272727273,0.6666666666666667,1.6239520568042545,1.6239289403636996
0.7878787878787878,0.6666666666666667,1.690912029944908,1.690885785830637
0.8484848484848485,0.6666666666666667,1.7606331333625835,1.7606033550235025
0.9090909090909092,0.6666666666666667,1.83322923866224,1.833195476415513
0.9696969696969697,0.6666666666666667,1.9088189052256346,1.9087806717859161
1.0303030303030303,0.6666666666666667,1.9875255702980141,1.9874823497315182
1.0909090909090908,0.6666666666666667,2.069477745853636,2.0694290071569563
1.1515151515151516,0.6666666666666667,2.1548092222473274,2.1547544390726987
1.2121212121212122,0.6666666666666667,2.2436592785757234,2.2435979570433036
1.2727272727272727,0.6666666666666667,2.3361728995604962,2.3361046166426087
1.3333333333333335,0.6666666666666667,2.432500998619383,2.432425454287208
1.393939393939394,0.6666666666666667,2.5328006466025816,2.532717733834907
1.4545454545454546,0.6666666666666667,2.6372353054414894,2.637145203350768
1.5151515151515151,0.6666666666666667,2.7459750657009447,2.7458783624599876
1.5757575757575757,0.6666666666666667,2.859196886808702,2.8590947407240908
1.6363636363636365,0.6666666666666667,2.9770848387247373,2.976979187494971
1.696969696969697,0.6666666666666667,3.099830344396859,3.0997241737200136
1.7575757575757576,0.6666666666666667,3.2276324243264627,3.22753010619106
1.8181818181818183,0.6666666666666667,3.36069794935735,3.3606056547502994
1.878787878787879,0.6666666666666667,3.4992419173077183,3.4991680929873055
1.9393939393939394,0.6666666666666667,3.6434877840688324,3.643443652983493
0.06060606060606061,0.696969696969697,1.0431474433938208,1.0431454165147318
0.12121212121212122,0.696969696969697,1.0881562000337826,1.088152359995693
0.18181818181818182,0.696969696969697,1.1351066473374867,1.1351011467991956
0.24242424242424243,0.696969696969697,1.1840826282251102,1.1840755585641964
0.30303030303030304,0.696969696969697,1.2351715966670536,1.2351629917233622
0.36363636363636365,0.696969696969697,1.2884647730317251,1.288454613464849
0.42424242424242425,0.696969696969697,1.3440573076709037,1.3440455244231173
0.48484848484848486,0.696969696969697,1.4020484519302496,1.4020349283891138
0.5454545454545454,0.696969696969697,1.4625417363674926,1.4625263093426641
0.6060606060606061,0.696969696969697,1.5256451562887765,1.5256276161230067
0.6666666666666667,0.696969696969697,1.5914713648611012,1.5914514550670111
0.7272727272727273,0.696969696969697,1.6601378741126234,1.660115290958853
0.7878787878787878,0.696969696969697,1.7317672641437492,1.7317416566497477
0.8484848484848485,0.696969696969697,1.8064874008646339,1.8064583717218126
0.9090909090909092,0.696969696969697,1.8844316625581061,1.8843987705862741
0.9696969696969697,0.696969696969697,1.9657391755432734,1.9657019404230673
1.0303030303030303,0.696969696969697,2.0505550591828285,2.050512969386437
1.0909090909090908,0.696969696969697,2.139030680432632,2.138983205519474
1.1515151515151516,0.696969696969697,2.231323918070568,2.231270526839628
1.2121212121212122,0.696969696969697,2.327599436655401,2.3275396230771683
1.2727272727272727,0.696969696969697,2.4280289701459097,2.427962289569374
1.3333333333333335,0.696969696969697,2.5327916149430685,2.532717733834907
1.393939393939394,0.696969696969697,2.642074131888356,2.641992895375461
1.4545454545454546,0.696969696969697,2.756071256443915,2.755982779275397
1.5151515151515151,0.696969696969697,2.8749860158892284,2.874890804194662
1.5757575757575757,0.696969696969697,2.9990300519233704,2.9989291653760124
1.6363636363636365,0.696969696969697,3.128423946689506,3.1283192133143376
1.696969696969697,0.696969696969697,3.2633975503123955,3.263291848763822
1.7575757575757576,0.696969696969697,3.4041903094732984,3.404087934787866
1.8181818181818183,0.696969696969697,3.5510516012766153,3.5509587265870617
1.878787878787879,0.696969696969697,3.7042410880382795,3.7041663198722814
1.9393939393939394,0.696969696969697,3.8640291301884986,3.863984118583012
0.06060606060606061,0.7272727272727273,1.0450650108929984,1.0450629626967955
0.12121212121212122,0.7272727272727273,1.0921604444137112,1.0921565960006039
0.18181818181818182,0.7272727272727273,1.141377882033445,1.1413724079452383
0.24242424242424243,0.7272727272727273,1.1928130248775715,1.1928060301876262
0.30303030303030304,0.7272727272727273,1.2465658760963443,1.246557403830484
0.36363636363636365,0.7272727272727273,1.3027409355559447,1.3027309736187114
0.42424242424242425,0.7272727272727273,1.361447404655225,1.3614358908868516
0.48484848484848486,0.7272727272727273,1.4227994003969362,1.4227862256519643
0.5454545454545454,0.7272727272727273,1.4869161786567096,1.486901188264033
0.6060606060606061,0.7272727272727273,1.5539223669635187,1.5539053610445963
0.6666666666666667,0.7272727272727273,1.6239482072412432,1.6239289403636996
0.7272727272727273,0.7272727272727273,1.6971298089973335,1.6971079896255556
0.7878787878787878,0.7272727272727273,1.7736094134448583,1.7735847036544856
0.8484848484848485,0.7272727272727273,1.8535356690329752,1.8535076849948748
0.9090909090909092,0.7272727272727273,1.9370639188453307,1.937032232662023
0.9696969696969697,0.7272727272727273,2.024356500306168,2.024320643904962
1.0303030303030303,0.7272727272727273,2.1155830576073136,2.1155425295676045
1.0909090909090908,0.7272727272727273,2.2109208672307195,2.210875143660994
1.1515151515151516,0.7272727272727273,2.3105551768847237,2.310503727787062
1.2121212121212122,0.7272727272727273,2.4146795580882814,2.414621871083137
1.2727272727272727,0.7272727272727273,2.5234962725136336,2.523431886386623
1.3333333333333335,0.7272727272727273,2.6372166520160754,2.637145203350768
1.393939393939394,0.7272727272727273,2.756061492015138,2.755982779275397
1.4545454545454546,0.7272727272727273,2.88026145751204,2.880175528450895
1.5151515151515151,0.7272727272727273,3.0100575004980428,3.009964770849701
1.5757575757575757,0.7272727272727273,3.1457012868060374,3.14560270103717
1.6363636363636365,0.7272727272727273,3.287455629634473,3.287352878212947
1.696969696969697,0.7272727272727273,3.4355949263126355,3.4354907383350604
1.7575757575757576,0.7272727272727273,3.590405595286092,3.59030412932184
1.8181818181818183,0.7272727272727273,3.7521865141388755,3.752093870371622
1.878787878787879,0.7272727272727273,3.921249471832414,3.9211743364870526
1.9393939393939394,0.7272727272727273,4.097919677329077,4.097874069339801
0.06060606060606061,0.7575757575757576,1.0469860831029403,1.0469840337789376
0.12121212121212122,0.7575757575757576,1.0961793815084608,1.0961755669880158
0.18181818181818182,0.7575757575757576,1.147683700916975,1.1476783168550269
0.24242424242424243,0.7575757575757576,1.20160771004586,1.2016008736614976
0.30303030303030304,0.7575757575757576,1.2580651674954013,1.2580569296984105
0.36363636363636365,0.7575757575757576,1.3171751637002025,1.317165518979187
0.42424242424242425,0.7575757575757576,1.3790623750564386,1.3790512682153573
0.48484848484848486,0.7575757575757576,1.443857329453048,1.4438446595840746
0.5454545454545454,0.7575757575757576,1.5116966834545926,1.5116823058415112
0.6060606060606061,0.7575757575757576,1.5827235117461231,1.5827072383621914
0.6666666666666667,0.7575757575757576,1.657087609542948,1.6570692087115697
0.7272727272727273,0.7575757575757576,1.7349458086735368,1.7349250043877116
0.7878787878787878,0.7575757575757576,1.8164623080292945,1.8164387793977874
0.8484848484848485,0.7575757575757576,1.9018090190604733,1.9017824003663852
0.9090909090909092,0.7575757575757576,1.9911659269854889,1.9911358089053888
0.9696969696969697,0.7575757575757576,2.0847214683687594,2.084687401009452
1.0303030303030303,0.7575757575757576,2.1826729257051536,2.1826344242770057
1.0909090909090908,0.7575757575757576,2.285226839621386,2.2851833937943087
1.1515151515151516,0.7575757575757576,2.3925994392586443,2.392550527559408
1.2121212121212122,0.7575757575757576,2.505017091325825,2.5049622023640743
1.2727272727272727,0.7575757575757576,2.6227167681937056,2.62265543109491
1.3333333333333335,0.7575757575757576,2.7459465352142995,2.7458783624599876
1.393939393939394,0.7575757575757576,2.8749660571626836,2.874890804194662
1.4545454545454546,0.7575757575757576,3.010047123260318,3.009964770849701
1.5151515151515151,0.7575757575757576,3.1514741895792415,3.1513850573167153
1.5757575757575757,0.7575757575757576,3.299544936659501,3.2994498393001237
1.6363636363636365,0.7575757575757576,3.4545708388321286,3.4544713020017115
1.696969696969697,0.7575757575757576,3.6168777401242878,3.6167762983433303
1.7575757575757576,0.7575757575757576,3.7868064304253117,3.7867070381155545
1.8181818181818183,0.7575757575757576,3.964713217269337,3.964621809505317
1.878787878787879,0.7575757575757576,4.150970499923084,4.150895734523828
1.9393939393939394,0.7575757575757576,4.345967388066423,4.345921559927544
0.06060606060606061,0.7878787878787878,1.0489106607846075,1.048908636240752
0.12121212121212122,0.7878787878787878,1.1002130552119025,1.1002093271804343
0.18181818181818182,0.7878787878787878,1.1540242819425224,1.1540190649521846
0.24242424242424243,0.7878787878787878,1.2104671428748124,1.2104605636148238
0.30303030303030304,0.7878787878787878,1.2696704237274763,1.2696625390044367
0.36363636363636365,0.7878787878787878,1.3317691924059596,1.3317600022731144
0.42424242424242425,0.7878787878787878,1.3969051116475248,1.3968945677842732
0.48484848484848486,0.7878787878787878,1.465226765590257,1.4652147760667167
0.5454545454545454,0.7878787878787878,1.5368900010232087,1.5368764325639386
0.6060606060606061,0.7878787878787878,1.612058284335364,1.612042962951193
0.6666666666666667,0.7878787878787878,1.690903075187407,1.690885785830637
0.7272727272727273,0.7878787878787878,1.7736042178904563,1.7735847036544856
0.7878787878787878,0.7878787878787878,1.8603503514448207,1.8603283127676848
0.8484848484848485,0.7878787878787878,1.9513393391766054,1.9513144335052113
0.9090909090909092,0.7878787878787878,2.0467787189056965,2.046750561324847
0.9696969696969697,0.7878787878787878,2.1468861745787513,2.146854340004239
1.0303030303030303,0.7878787878787878,2.251890030298706,2.2518540579813857
1.0909090909090908,0.7878787878787878,2.3620297676711886,2.3619891689704584
1.1515151515151516,0.7878787878787878,2.477556567359568,2.477510838040231
1.2121212121212122,0.7878787878787878,2.598733875682831,2.598682514400461
1.2727272727272727,0.7878787878787878,2.7258379969865967,2.725780532202476
1.3333333333333335,0.7878787878787878,2.859158712340897,2.8590947407240908
1.393939393939394,0.7878787878787878,2.9989999248266246,2.9989291653760124
1.4545454545454546,0.7878787878787878,3.145680331198767,3.14560270103717
1.5151515151515151,0.7878787878787878,3.2995341189530696,3.2994498393001237
1.5757575757575757,0.7878787878787878,3.4609116866136085,3.4608214312850607
1.6363636363636365,0.7878787878787878,3.6301803831846398,3.6300854877619804
1.696969696969697,0.7878787878787878,3.8077252599722407,3.807628018405764
1.7575757575757576,0.7878787878787878,3.9939498245692633,3.9938539120980665
1.8181818181818183,0.7878787878787878,4.189276784625891,4.189187860283576
1.878787878787879,0.7878787878787878,4.39414877568635,4.39407532548636
1.9393939393939394,0.7878787878787878,4.60902910507135,4.608983557195036
0.06060606060606061,0.8181818181818182,1.0508387429866646,1.0508367765737434
0.12121212121212122,0.8181818181818182,1.1042615069873338,1.1042579309998957
0.18181818181818182,0.8181818181818182,1.1603998012213144,1.1603948447179215
0.24242424242424243,0.8181818181818182,1.2193917831071057,1.2193855781761704
0.30303030303030304,0.8181818181818182,1.2813826037561589,1.2813752103711573
0.36363636363636365,0.8181818181818182,1.3465247732249135,1.3465161956479295
0.42424242424242425,0.8181818181818182,1.414978542055882,1.4149687386390102
0.48484848484848486,0.8181818181818182,1.4869122997269781,1.4869011882640333
0.5454545454545454,0.8181818181818182,1.562502991538907,1.5624904517590457
0.6060606060606061,0.8181818181818182,1.6419365554827576,1.6419224297537278
0.6666666666666667,0.8181818181818182,1.7254083805013627,1.725392473466536
0.7272727272727273,0.8181818181818182,1.8131237874630235,1.8131058651421728
0.7878787878787878,0.8181818181818182,1.9052985341205737,1.9052783229129493
0.8484848484848485,0.8181818181818182,2.002159345318163,2.0021365313256716
0.9090909090909092,0.8181818181818182,2.1039444697175695,2.103918698838805
0.9696969696969697,0.8181818181818182,2.21090426433453,2.210875143660994
1.0303030303030303,0.8181818181818182,2.323301808195043,2.323268909371731
1.0909090909090908,0.8181818181818182,2.441413546434511,2.441376411838186
1.1515151515151516,0.8181818181818182,2.5655299661597617,2.565488119019212
1.2121212121212122,0.8181818181818182,2.6959563053641142,2.695909265328385
1.2727272727272727,0.8181818181818182,2.8330132961099084,2.8329606023129688
1.3333333333333335,0.8181818181818182,2.977037943042835,2.976979187494971
1.393939393939394,0.8181818181818182,3.1283843380298446,3.1283192133143376
1.4545454545454546,0.8181818181818182,3.2874245112370115,3.287352878212947
1.5151515151515151,0.8181818181818182,3.454549318148475,3.4544713020017115
1.5757575757575757,0.8181818181818182,3.630169360639032,3.6300854877619804
1.6363636363636365,0.8181818181818182,3.8147159378636304,3.8146273326469258
1.696969696969697,0.8181818181818182,4.008642018828951,4.008550690068792
1.7575757575757576,0.8181818181818182,4.212423222417857,4.212332485884345
1.8181818181818183,0.8181818181818182,4.426558782731456,4.426473891323569
1.878787878787879,0.8181818181818182,4.6515724740558895,4.651501555546294
1.9393939393939394,0.8181818181818182,4.888013498345073,4.887968900858021
0.06060606060606061,0.8484848484848485,1.052770326400852,1.05276846128135
0.12121212121212122,0.8484848484848485,1.1083247751595913,1.1083214330687012
0.18181818181818182,0.8484848484848485,1.166810432474495,1.1668058496968772
0.24242424242424243,0.8484848484848485,1.2283820906960377,1.2283763989994594
0.30303030303030304,0.8484848484848485,1.2932026723908248,1.2931959314489865
0.36363636363636365,0.8484848484848485,1.3614436742245468,1.3614358908868516
0.42424242424242425,0.8484848484848485,1.433285628940449,1.4332767679821545
0.48484848484848486,0.8484848484848485,1.5089185878786229,1.508908577618879
0.5454545454545454,0.8484848484848485,1.5885426266247853,1.5885313614740575
0.6060606060606061,0.8484848484848485,1.6723683759561048,1.6723557171162116
0.6666666666666667,0.8484848484848485,1.7606175799490285,1.7606033550235025
0.7272727272727273,0.8484848484848485,1.8535236829646693,1.8535076849948748
0.7878787878787878,0.8484848484848485,1.9513324471757914,1.9513144335052113
0.8484848484848485,0.8484848484848485,2.054302602302519,2.0542822936373706
0.9090909090909092,0.8484848484848485,2.1627065292554395,2.162683609310137
0.9696969696969697,0.8484848484848485,2.276830979430167,2.276805095611829
1.0303030303030303,0.8484848484848485,2.3969778314468004,2.3969485971448017
1.0909090909090908,0.8484848484848485,2.523464887173628,2.5234318863866227
1.1515151515151516,0.8484848484848485,2.656626708907811,2.6565895041795398
1.2121212121212122,0.8484848484848485,2.796815499595718,2.796773644571278
1.2727272727272727,0.8484848484848485,2.944402027943569,2.9443550863475374
1.3333333333333335,0.8484848484848485,3.0997766001662317,3.0997241737200136
1.393939393939394,0.8484848484848485,3.2633500798980632,3.263291848763822
1.4545454545454546,0.8484848484848485,3.4355549573569037,3.4354907383350604
1.5151515151515151,0.8484848484848485,3.6168464680521204,3.6167762983433303
1.5757575757575757,0.8484848484848485,3.8077037598678247,3.807628018405764
1.6363636363636365,0.8484848484848485,4.008631104686747,4.008550690068792
1.696969696969697,0.8484848484848485,4.22015914583657,4.220075741952016
1.7575757575757576,0.8484848484848485,4.442846163781068,4.442762645345575
1.8181818181818183,0.8484848484848485,4.677279327311801,4.677200393978722
1.878787878787879,0.8484848484848485,4.924075876789625,4.924009061873502
1.9393939393939394,0.8484848484848485,5.183884184237169,5.183841443403989
0.06060606060606061,0.8787878787878788,1.0547054043604542,1.054703696878964
0.12121212121212122,0.8787878787878788,1.1124028939845663,1.1123998882101536
0.18181818181818182,0.8787878787878788,1.1732563464121475,1.1732522745029952
0.24242424242424243,0.8787878787878788,1.2374385254070734,1.2374335112899622
0.30303030303030304,0.8787878787878788,1.3051316000350743,1.3051256989994402
0.36363636363636365,0.8787878787878788,1.3765276798947246,1.3765208996264517
0.42424242424242425,0.8787878787878788,1.4518293701662852,1.4518216816671758
0.48484848484848486,0.8787878787878788,1.5312503518262797,1.531241694863405
0.5454545454545454,0.8787878787878788,1.6150159908914434,1.6150062763876434
0.6060606060606061,0.8787878787878788,1.7033639795356867,1.7033530901887775
0.6666666666666667,0.8787878787878788,1.7965450114439303,1.7965328013123112
0.7272727272727273,0.8787878787878788,1.894823493582661,1.8948097871084157
0.7878787878787878,0.8787878787878788,1.9984782965268602,1.9984628873456887
0.8484848484848485,0.8787878787878788,2.10780354551298,2.1077861953589068
0.9090909090909092,0.8787878787878788,2.223109454452277,2.223089892475485
0.9696969696969697,0.8787878787878788,2.3447232052210167,2.3447011280881522
1.0303030303030303,0.8787878787878788,2.472989874633624,2.4729649478708517
1.0909090909090908,0.8787878787878788,2.6082734115945696,2.6082452727714815
1.1515151515151516,0.8787878787878788,2.7509576670067744,2.750925931559164
1.2121212121212122,0.8787878787878788,2.901447479078451,2.9014117498556575
1.2727272727272727,0.8787878787878788,3.060169816700076,3.060129698740826
1.3333333333333335,0.8787878787878788,3.2275749835314893,3.22753010619106
1.393939393939394,0.8787878787878788,3.404137885297886,3.404087934787866
1.4545454545454546,0.8787878787878788,3.59035936245585,3.59030412932184
1.5151515151515151,0.8787878787878788,3.786767589692258,3.7867070381155545
1.5757575757575757,0.8787878787878788,3.993919542339086,3.9938539120980665
1.6363636363636365,0.8787878787878788,4.2124025270740155,4.212332485884345
1.696969696969697,0.8787878787878788,4.442835768863422,4.442762645345575
1.7575757575757576,0.8787878787878788,4.68587203508055,4.685798186401742
1.8181818181818183,0.8787878787878788,4.94219925513164,4.942128670026664
1.878787878787879,0.8787878787878788,5.212542049962999,5.21248137872864
1.9393939393939394,0.8787878787878788,5.497663021861967,5.4976233800578544
0.06060606060606061,0.9090909090909092,1.056643965213834,1.0566424898939553
0.12121212121212122,0.9090909090909092,1.11649589243747,1.1164933514492972
0.18181818181818182,0.9090909090909092,1.1797377100634574,1.1797343148254322
0.24242424242424243,0.9090909090909092,1.246561546436,1.246557403830484
0.30303030303030304,0.9090909090909092,1.3171703624540916,1.317165518979187
0.36363636363636365,0.9090909090909092,1.39177859106266,1.3917730535766322
0.42424242424242425,0.9090909090909092,1.4706127989794262,1.4706065446985257
0.48484848484848486,0.9090909090909092,1.553912379784453,1.5539053610445963
0.5454545454545454,0.9090909090909092,1.6419302834857052,1.6419224297537276
0.6060606060606061,0.9090909090909092,1.7349337860425726,1.7349250043877116
0.6666666666666667,0.9090909090909092,1.8332053017405925,1.833195476415513
0.7272727272727273,0.9090909090909092,1.9370432411373009,1.937032232662023
0.7878787878787878,0.9090909090909092,2.0467629172969217,2.046750561324847
0.8484848484848485,0.9090909090909092,2.1626975031058295,2.162683609310137
0.9090909090909092,0.9090909090909092,2.2851990425720636,2.285183393794309
0.9696969696969697,0.9090909090909092,2.4146395191434715,2.4146218710831375
1.0303030303030303,0.9090909090909092,2.551411984221119,2.551392066013687
1.0909090909090908,0.9090909090909092,2.695931749191352,2.695909265328385
1.1515151515151516,0.9090909090909092,2.8486376444449895,2.8486122786447683
1.2121212121212122,0.9090909090909092,3.009993348987458,3.009964770849701
1.2727272727272727,0.9090909090909092,3.1804887943556706,3.180456669963717
1.3333333333333335,0.9090909090909092,3.3606416466235878,3.3606056547502994
1.393939393939394,0.9090909090909092,3.5509988702572524,3.5509587265870617
1.4545454545454546,0.9090909090909092,3.752138377395397,3.752093870371622
1.5151515151515151,0.9090909090909092,3.9646707656334277,3.964621809505317
1.5757575757575757,0.9090909090909092,4.1892411462707555,4.189187860283576
1.6363636363636365,0.9090909090909092,4.426531062582977,4.426473891323569
1.696969696969697,0.9090909090909092,4.677260492486731,4.677200393978722
1.7575757575757576,0.9090909090909092,4.942189918291779,4.942128670026664
1.8181818181818183,0.9090909090909092,5.222122418671937,5.222063143273276
1.878787878787879,0.9090909090909092,5.517905670460263,5.517853802091728
1.9393939393939394,0.9090909090909092,5.830433588732331,5.830398780313032
0.06060606060606061,0.9393939393939394,1.0585859895628495,1.058584846865692
0.12121212121212122,0.9393939393939394,1.120603792689031,1.1206018780136604
0.18181818181818182,0.9393939393939394,1.1862546861250323,1.1862521674344975
0.24242424242424243,0.9393939393939394,1.2557516120874064,1.2557485690077426
0.30303030303030304,0.9393939393939394,1.3293199405803122,1.329316406624873
0.36363636363636365,0.9393939393939394,1.4071982248235382,1.407194204743043
0.42424242424242425,0.9393939393939394,1.4896389841842108,1.4896344617382034
0.48484848484848486,0.9393939393939394,1.57690952706804,1.5769044685649933
0.5454545454545454,0.9393939393939394,1.6692928196467027,1.6692871753776988
0.6060606060606061,0.9393939393939394,1.7670884043983182,1.7670821089220647
0.6666666666666667,0.9393939393939394,1.8706133719058693,1.870606343672368
0.7272727272727273,0.9393939393939394,1.9802033892662694,1.9801955298624054
0.7878787878787878,0.9393939393939394,2.096213788532318,2.096204981743522
0.8484848484848485,0.9393939393939394,2.219020718748764,2.219010829598067
0.9090909090909092,0.9393939393939394,2.349022365317643,2.3490112392433815
0.9696969696969697,0.9393939393939394,2.4866402406231236,2.4866277029802446
1.0303030303030303,0.9393939393939394,2.6323205500554865,2.6323064061713293
1.0909090909090908,0.9393939393939394,2.7865356377933903,2.786519673880456
1.1515151515151516,0.9393939393939394,2.9497855169291145,2.949767502262981
1.2121212121212122,0.9393939393939394,3.1225994887476376,3.122579179672452
1.2727272727272727,0.9393939393939394,3.3055378561878745,3.305515002739561
1.3333333333333335,0.9393939393939394,3.4991937367072516,3.4991680929873055
1.393939393939394,0.9393939393939394,3.70419497990908,3.7041663198722814
1.4545454545454546,0.9393939393939394,3.921206195319256,3.9211743364870526
1.5151515151515151,0.9393939393939394,4.150930895500092,4.150895734523828
1.5757575757575757,0.9393939393939394,4.394113759023154,4.39407532548636
1.6363636363636365,0.9393939393939394,4.651543016144066,4.651501555546294
1.696969696969697,0.9393939393939394,4.924052955997674,4.924009061873502
1.7575757575757576,0.9393939393939394,5.212526544191767,5.21248137872864
1.8181818181818183,0.9393939393939394,5.517898113202534,5.517853802091728
1.878787878787879,0.9393939393939394,5.841156009829911,5.841116422114547
1.9393939393939394,0.9393939393939394,6.183344829329759,6.183317333228807
0.06060606060606061,0.9696969696969697,1.0605314453664185,1.0605307743455634
0.12121212121212122,0.9696969696969697,1.124726608362017,1.124725523334
0.18181818181818182,0.9696969696969697,1.1928074324664188,1.1928060301876262
0.24242424242424243,0.9696969696969697,1.2650091795733618,1.2650075028389407
0.30303030303030304,0.9696969696969697,1.3415813203772053,1.341579386538729
0.36363636363636365,0.9696969696969697,1.4227884144922733,1.4227862256519643
0.42424242424242425,0.9696969696969697,1.5089110303239477,1.508908577618879
0.48484848484848486,0.9696969696969697,1.600246716757936,1.6002439822388124
0.5454545454545454,0.9696969696969697,1.6971110322683165,1.6971079896255556
0.6060606060606061,0.9696969696969697,1.7998386357151435,1.7998352503856327
0.6666666666666667,0.9696969696969697,1.9087844428696576,1.9087806717859161
0.7272727272727273,0.9696969696969697,2.024324852775365,2.024320643904962
0.7878787878787878,0.9696969696969697,2.1468590482301897,2.146854340004239
0.8484848484848485,0.9696969696969697,2.276810374900637,2.276805095611829
0.9090909090909092,0.9696969696969697,2.414627803833453,2.4146218710831375
0.9696969696969697,0.9696969696969697,2.560787482406293,2.5607808026915326
1.0303030303030303,0.9696969696969697,2.7157943790533716,2.715786847607704
1.0909090909090908,0.9696969696969697,2.880184027413309,2.880175528450895
1.1515151515151516,0.9696969696969697,3.054524375872982,3.05451478343917
1.2121212121212122,0.9696969696969697,3.2394177488211566,3.2394069285307134
1.2727272727272727,0.9696969696969697,3.435502926274747,3.4354907383350604
1.3333333333333335,0.9696969696969697,3.6434573488914195,3.643443652983493
1.393939393939394,0.9696969696969697,3.8639994557197177,3.863984118583012
1.4545454545454546,0.9696969696969697,4.097891162332687,4.097874069339801
1.5151515151515151,0.9696969696969697,4.3459404871816245,4.345921559927544
1.5757575757575757,0.9696969696969697,4.609004333960573,4.608983557195036
1.6363636363636365,0.9696969696969697,4.88799143717988,4.887968900858021
1.696969696969697,0.9696969696969697,5.183865476220318,5.183841443403989
1.7575757575757576,0.9696969696969697,5.497648357626153,5.4976233800578544
1.8181818181818183,0.9696969696969697,5.830423648833835,5.830398780313032
1.878787878787879,0.9696969696969697,6.183340089020593,6.183317333228807
1.9393939393939394,0.9696969696969697,6.557614853260484,6.557598319433491
