x,y,V_num,V_exact
  6.06060606E-02,  3.03030303E-02,  1.00183834E+00,  1.00183823E+00
  1.21212121E-01,  3.03030303E-02,  1.00368007E+00,  1.00367985E+00
  1.81818182E-01,  3.03030303E-02,  1.00552518E+00,  1.00552485E+00
  2.42424242E-01,  3.03030303E-02,  1.00737368E+00,  1.00737324E+00
  3.03030303E-01,  3.03030303E-02,  1.00922560E+00,  1.00922503E+00
  3.63636364E-01,  3.03030303E-02,  1.01108092E+00,  1.01108022E+00
  4.24242424E-01,  3.03030303E-02,  1.01293967E+00,  1.01293882E+00
  4.84848485E-01,  3.03030303E-02,  1.01480185E+00,  1.01480084E+00
  5.45454545E-01,  3.03030303E-02,  1.01666747E+00,  1.01666628E+00
  6.06060606E-01,  3.03030303E-02,  1.01853654E+00,  1.01853516E+00
  6.66666667E-01,  3.03030303E-02,  1.02040908E+00,  1.02040746E+00
  7.27272727E-01,  3.03030303E-02,  1.02228509E+00,  1.02228321E+00
  7.87878788E-01,  3.03030303E-02,  1.02416458E+00,  1.02416241E+00
  8.48484848E-01,  3.03030303E-02,  1.02604756E+00,  1.02604506E+00
  9.09090909E-01,  3.03030303E-02,  1.02793404E+00,  1.02793117E+00
  9.69696970E-01,  3.03030303E-02,  1.02982403E+00,  1.02982075E+00
  1.03030303E+00,  3.03030303E-02,  1.03171754E+00,  1.03171380E+00
  1.09090909E+00,  3.03030303E-02,  1.03361457E+00,  1.03361033E+00
  1.15151515E+00,  3.03030303E-02,  1.03551512E+00,  1.03551035E+00
  1.21212121E+00,  3.03030303E-02,  1.03741919E+00,  1.03741386E+00
  1.27272727E+00,  3.03030303E-02,  1.03932679E+00,  1.03932087E+00
  1.33333333E+00,  3.03030303E-02,  1.04123791E+00,  1.04123139E+00
  1.39393939E+00,  3.03030303E-02,  1.04315252E+00,  1.04314542E+00
  1.45454545E+00,  3.03030303E-02,  1.04507062E+00,  1.04506296E+00
  1.51515152E+00,  3.03030303E-02,  1.04699218E+00,  1.04698403E+00
  1.57575758E+00,  3.03030303E-02,  1.04891716E+00,  1.04890864E+00
  1.63636364E+00,  3.03030303E-02,  1.05084552E+00,  1.05083678E+00
  1.69696970E+00,  3.03030303E-02,  1.05277719E+00,  1.05276846E+00
  1.75757576E+00,  3.03030303E-02,  1.05471210E+00,  1.05470370E+00
  1.81818182E+00,  3.03030303E-02,  1.05665012E+00,  1.05664249E+00
  1.87878788E+00,  3.03030303E-02,  1.05859110E+00,  1.05858485E+00
  1.93939394E+00,  3.03030303E-02,  1.06053474E+00,  1.06053077E+00
  6.06060606E-02,  6.06060606E-02,  1.00368006E+00,  1.00367985E+00
  1.21212121E-01,  6.06060606E-02,  1.00737367E+00,  1.00737324E+00
  1.81818182E-01,  6.06060606E-02,  1.01108088E+00,  1.01108022E+00
  2.42424242E-01,  6.06060606E-02,  1.01480173E+00,  1.01480084E+00
  3.03030303E-01,  6.06060606E-02,  1.01853629E+00,  1.01853516E+00
  3.63636364E-01,  6.06060606E-02,  1.02228461E+00,  1.02228321E+00
  4.24242424E-01,  6.06060606E-02,  1.02604675E+00,  1.02604506E+00
  4.84848485E-01,  6.06060606E-02,  1.02982275E+00,  1.02982075E+00
  5.45454545E-01,  6.06060606E-02,  1.03361270E+00,  1.03361033E+00
  6.06060606E-01,  6.06060606E-02,  1.03741663E+00,  1.03741386E+00
  6.66666667E-01,  6.06060606E-02,  1.04123460E+00,  1.04123139E+00
  7.27272727E-01,  6.06060606E-02,  1.04506669E+00,  1.04506296E+00
  7.87878788E-01,  6.06060606E-02,  1.04891294E+00,  1.04890864E+00
  8.48484848E-01,  6.06060606E-02,  1.05277342E+00,  1.05276846E+00
  9.09090909E-01,  6.06060606E-02,  1.05664817E+00,  1.05664249E+00
  9.69696970E-01,  6.06060606E-02,  1.06053727E+00,  1.06053077E+00
  1.03030303E+00,  6.06060606E-02,  1.06444075E+00,  1.06443337E+00
  1.09090909E+00,  6.06060606E-02,  1.06835867E+00,  1.06835032E+00
  1.15151515E+00,  6.06060606E-02,  1.07229108E+00,  1.07228169E+00
  1.21212121E+00,  6.06060606E-02,  1.07623802E+00,  1.07622752E+00
  1.27272727E+00,  6.06060606E-02,  1.08019952E+00,  1.08018788E+00
  1.33333333E+00,  6.06060606E-02,  1.08417561E+00,  1.08416280E+00
  1.39393939E+00,  6.06060606E-02,  1.08816631E+00,  1.08815236E+00
  1.45454545E+00,  6.06060606E-02,  1.09217161E+00,  1.09215660E+00
  1.51515152E+00,  6.06060606E-02,  1.09619151E+00,  1.09617557E+00
  1.57575758E+00,  6.06060606E-02,  1.10022597E+00,  1.10020933E+00
  1.63636364E+00,  6.06060606E-02,  1.10427495E+00,  1.10425793E+00
  1.69696970E+00,  6.06060606E-02,  1.10833836E+00,  1.10832143E+00
  1.75757576E+00,  6.06060606E-02,  1.11241609E+00,  1.11239989E+00
  1.81818182E+00,  6.06060606E-02,  1.11650795E+00,  1.11649335E+00
  1.87878788E+00,  6.06060606E-02,  1.12061369E+00,  1.12060188E+00
  1.93939394E+00,  6.06060606E-02,  1.12473281E+00,  1.12472552E+00
  6.06060606E-02,  9.09090909E-02,  1.00552517E+00,  1.00552485E+00
  1.21212121E-01,  9.09090909E-02,  1.01108087E+00,  1.01108022E+00
  1.81818182E-01,  9.09090909E-02,  1.01666727E+00,  1.01666628E+00
  2.42424242E-01,  9.09090909E-02,  1.02228454E+00,  1.02228321E+00
  3.03030303E-01,  9.09090909E-02,  1.02793287E+00,  1.02793117E+00
  3.63636364E-01,  9.09090909E-02,  1.03361242E+00,  1.03361033E+00
  4.24242424E-01,  9.09090909E-02,  1.03932339E+00,  1.03932087E+00
  4.84848485E-01,  9.09090909E-02,  1.04506595E+00,  1.04506296E+00
  5.45454545E-01,  9.09090909E-02,  1.05084030E+00,  1.05083678E+00
  6.06060606E-01,  9.09090909E-02,  1.05664660E+00,  1.05664249E+00
  6.66666667E-01,  9.09090909E-02,  1.06248506E+00,  1.06248028E+00
  7.27272727E-01,  9.09090909E-02,  1.06835586E+00,  1.06835032E+00
  7.87878788E-01,  9.09090909E-02,  1.07425919E+00,  1.07425279E+00
  8.48484848E-01,  9.09090909E-02,  1.08019523E+00,  1.08018788E+00
  9.09090909E-01,  9.09090909E-02,  1.08616418E+00,  1.08615575E+00
  9.69696970E-01,  9.09090909E-02,  1.09216621E+00,  1.09215660E+00
  1.03030303E+00,  9.09090909E-02,  1.09820152E+00,  1.09819060E+00
  1.09090909E+00,  9.09090909E-02,  1.10427028E+00,  1.10425793E+00
  1.15151515E+00,  9.09090909E-02,  1.11037267E+00,  1.11035879E+00
  1.21212121E+00,  9.09090909E-02,  1.11650885E+00,  1.11649335E+00
  1.27272727E+00,  9.09090909E-02,  1.12267898E+00,  1.12266181E+00
  1.33333333E+00,  9.09090909E-02,  1.12888320E+00,  1.12886434E+00
  1.39393939E+00,  9.09090909E-02,  1.13512166E+00,  1.13510115E+00
  1.45454545E+00,  9.09090909E-02,  1.14139446E+00,  1.14137241E+00
  1.51515152E+00,  9.09090909E-02,  1.14770169E+00,  1.14767832E+00
  1.57575758E+00,  9.09090909E-02,  1.15404343E+00,  1.15401906E+00
  1.63636364E+00,  9.09090909E-02,  1.16041970E+00,  1.16039484E+00
  1.69696970E+00,  9.09090909E-02,  1.16683049E+00,  1.16680585E+00
  1.75757576E+00,  9.09090909E-02,  1.17327575E+00,  1.17325227E+00
  1.81818182E+00,  9.09090909E-02,  1.17975533E+00,  1.17973431E+00
  1.87878788E+00,  9.09090909E-02,  1.18626898E+00,  1.18625217E+00
  1.93939394E+00,  9.09090909E-02,  1.19281621E+00,  1.19280603E+00
  6.06060606E-02,  1.21212121E-01,  1.00737367E+00,  1.00737324E+00
  1.21212121E-01,  1.21212121E-01,  1.01480170E+00,  1.01480084E+00
  1.81818182E-01,  1.21212121E-01,  1.02228452E+00,  1.02228321E+00
  2.42424242E-01,  1.21212121E-01,  1.02982251E+00,  1.02982075E+00
  3.03030303E-01,  1.21212121E-01,  1.03741611E+00,  1.03741386E+00
  3.63636364E-01,  1.21212121E-01,  1.04506573E+00,  1.04506296E+00
  4.24242424E-01,  1.21212121E-01,  1.05277180E+00,  1.05276846E+00
  4.84848485E-01,  1.21212121E-01,  1.06053473E+00,  1.06053077E+00
  5.45454545E-01,  1.21212121E-01,  1.06835497E+00,  1.06835032E+00
  6.06060606E-01,  1.21212121E-01,  1.07623296E+00,  1.07622752E+00
  6.66666667E-01,  1.21212121E-01,  1.08416912E+00,  1.08416280E+00
  7.27272727E-01,  1.21212121E-01,  1.09216390E+00,  1.09215660E+00
  7.87878788E-01,  1.21212121E-01,  1.10021775E+00,  1.10020933E+00
  8.48484848E-01,  1.21212121E-01,  1.10833111E+00,  1.10832143E+00
  9.09090909E-01,  1.21212121E-01,  1.11650444E+00,  1.11649335E+00
  9.69696970E-01,  1.21212121E-01,  1.12473816E+00,  1.12472552E+00
  1.03030303E+00,  1.21212121E-01,  1.13303274E+00,  1.13301839E+00
  1.09090909E+00,  1.21212121E-01,  1.14138862E+00,  1.14137241E+00
  1.15151515E+00,  1.21212121E-01,  1.14980622E+00,  1.14978802E+00
  1.21212121E+00,  1.21212121E-01,  1.15828599E+00,  1.15826568E+00
  1.27272727E+00,  1.21212121E-01,  1.16682833E+00,  1.16680585E+00
  1.33333333E+00,  1.21212121E-01,  1.17543366E+00,  1.17540899E+00
  1.39393939E+00,  1.21212121E-01,  1.18410237E+00,  1.18407556E+00
  1.45454545E+00,  1.21212121E-01,  1.19283482E+00,  1.19280603E+00
  1.51515152E+00,  1.21212121E-01,  1.20163135E+00,  1.20160087E+00
  1.57575758E+00,  1.21212121E-01,  1.21049227E+00,  1.21046056E+00
  1.63636364E+00,  1.21212121E-01,  1.21941785E+00,  1.21938558E+00
  1.69696970E+00,  1.21212121E-01,  1.22840831E+00,  1.22837640E+00
  1.75757576E+00,  1.21212121E-01,  1.23746379E+00,  1.23743351E+00
  1.81818182E+00,  1.21212121E-01,  1.24658437E+00,  1.24655740E+00
  1.87878788E+00,  1.21212121E-01,  1.25576996E+00,  1.25574857E+00
  1.93939394E+00,  1.21212121E-01,  1.26502028E+00,  1.26500750E+00
  6.06060606E-02,  1.51515152E-01,  1.00922556E+00,  1.00922503E+00
  1.21212121E-01,  1.51515152E-01,  1.01853623E+00,  1.01853516E+00
  1.81818182E-01,  1.51515152E-01,  1.02793279E+00,  1.02793117E+00
  2.42424242E-01,  1.51515152E-01,  1.03741606E+00,  1.03741386E+00
  3.03030303E-01,  1.51515152E-01,  1.04698683E+00,  1.04698403E+00
  3.63636364E-01,  1.51515152E-01,  1.05664593E+00,  1.05664249E+00
  4.24242424E-01,  1.51515152E-01,  1.06639418E+00,  1.06639005E+00
  4.84848485E-01,  1.51515152E-01,  1.07623243E+00,  1.07622752E+00
  5.45454545E-01,  1.51515152E-01,  1.08616151E+00,  1.08615575E+00
  6.06060606E-01,  1.51515152E-01,  1.09618229E+00,  1.09617557E+00
  6.66666667E-01,  1.51515152E-01,  1.10629562E+00,  1.10628782E+00
  7.27272727E-01,  1.51515152E-01,  1.11650237E+00,  1.11649335E+00
  7.87878788E-01,  1.51515152E-01,  1.12680343E+00,  1.12679303E+00
  8.48484848E-01,  1.51515152E-01,  1.13719966E+00,  1.13718773E+00
  9.09090909E-01,  1.51515152E-01,  1.14769197E+00,  1.14767832E+00
  9.69696970E-01,  1.51515152E-01,  1.15828124E+00,  1.15826568E+00
  1.03030303E+00,  1.51515152E-01,  1.16896836E+00,  1.16895071E+00
  1.09090909E+00,  1.51515152E-01,  1.17975424E+00,  1.17973431E+00
  1.15151515E+00,  1.51515152E-01,  1.19063975E+00,  1.19061740E+00
  1.21212121E+00,  1.51515152E-01,  1.20162580E+00,  1.20160087E+00
  1.27272727E+00,  1.51515152E-01,  1.21271325E+00,  1.21268567E+00
  1.33333333E+00,  1.51515152E-01,  1.22390297E+00,  1.22387273E+00
  1.39393939E+00,  1.51515152E-01,  1.23519582E+00,  1.23516299E+00
  1.45454545E+00,  1.51515152E-01,  1.24659262E+00,  1.24655740E+00
  1.51515152E+00,  1.51515152E-01,  1.25809417E+00,  1.25805693E+00
  1.57575758E+00,  1.51515152E-01,  1.26970123E+00,  1.26966254E+00
  1.63636364E+00,  1.51515152E-01,  1.28141452E+00,  1.28137521E+00
  1.69696970E+00,  1.51515152E-01,  1.29323471E+00,  1.29319593E+00
  1.75757576E+00,  1.51515152E-01,  1.30516238E+00,  1.30512570E+00
  1.81818182E+00,  1.51515152E-01,  1.31719803E+00,  1.31716552E+00
  1.87878788E+00,  1.51515152E-01,  1.32934203E+00,  1.32931641E+00
  1.93939394E+00,  1.51515152E-01,  1.34159455E+00,  1.34157939E+00
  6.06060606E-02,  1.81818182E-01,  1.01108086E+00,  1.01108022E+00
  1.21212121E-01,  1.81818182E-01,  1.02228449E+00,  1.02228321E+00
  1.81818182E-01,  1.81818182E-01,  1.03361227E+00,  1.03361033E+00
  2.42424242E-01,  1.81818182E-01,  1.04506558E+00,  1.04506296E+00
  3.03030303E-01,  1.81818182E-01,  1.05664582E+00,  1.05664249E+00
  3.63636364E-01,  1.81818182E-01,  1.06835441E+00,  1.06835032E+00
  4.24242424E-01,  1.81818182E-01,  1.08019279E+00,  1.08018788E+00
  4.84848485E-01,  1.81818182E-01,  1.09216242E+00,  1.09215660E+00
  5.45454545E-01,  1.81818182E-01,  1.10426477E+00,  1.10425793E+00
  6.06060606E-01,  1.81818182E-01,  1.11650132E+00,  1.11649335E+00
  6.66666667E-01,  1.81818182E-01,  1.12887358E+00,  1.12886434E+00
  7.27272727E-01,  1.81818182E-01,  1.14138308E+00,  1.14137241E+00
  7.87878788E-01,  1.81818182E-01,  1.15403135E+00,  1.15401906E+00
  8.48484848E-01,  1.81818182E-01,  1.16681995E+00,  1.16680585E+00
  9.09090909E-01,  1.81818182E-01,  1.17975043E+00,  1.17973431E+00
  9.69696970E-01,  1.81818182E-01,  1.19282439E+00,  1.19280603E+00
  1.03030303E+00,  1.81818182E-01,  1.20604339E+00,  1.20602258E+00
  1.09090909E+00,  1.81818182E-01,  1.21940905E+00,  1.21938558E+00
  1.15151515E+00,  1.81818182E-01,  1.23292297E+00,  1.23289664E+00
  1.21212121E+00,  1.81818182E-01,  1.24658674E+00,  1.24655740E+00
  1.27272727E+00,  1.81818182E-01,  1.26040197E+00,  1.26036953E+00
  1.33333333E+00,  1.81818182E-01,  1.27437026E+00,  1.27433470E+00
  1.39393939E+00,  1.81818182E-01,  1.28849319E+00,  1.28845461E+00
  1.45454545E+00,  1.81818182E-01,  1.30277232E+00,  1.30273097E+00
  1.51515152E+00,  1.81818182E-01,  1.31720921E+00,  1.31716552E+00
  1.57575758E+00,  1.81818182E-01,  1.33180534E+00,  1.33176000E+00
  1.63636364E+00,  1.81818182E-01,  1.34656219E+00,  1.34651620E+00
  1.69696970E+00,  1.81818182E-01,  1.36148118E+00,  1.36143589E+00
  1.75757576E+00,  1.81818182E-01,  1.37656362E+00,  1.37652090E+00
  1.81818182E+00,  1.81818182E-01,  1.39181079E+00,  1.39177305E+00
  1.87878788E+00,  1.81818182E-01,  1.40722379E+00,  1.40719420E+00
  1.93939394E+00,  1.81818182E-01,  1.42280361E+00,  1.42278623E+00
  6.06060606E-02,  2.12121212E-01,  1.01293956E+00,  1.01293882E+00
  1.21212121E-01,  2.12121212E-01,  1.02604654E+00,  1.02604506E+00
  1.81818182E-01,  2.12121212E-01,  1.03932312E+00,  1.03932087E+00
  2.42424242E-01,  2.12121212E-01,  1.05277149E+00,  1.05276846E+00
  3.03030303E-01,  2.12121212E-01,  1.06639389E+00,  1.06639005E+00
  3.63636364E-01,  2.12121212E-01,  1.08019260E+00,  1.08018788E+00
  4.24242424E-01,  2.12121212E-01,  1.09416991E+00,  1.09416424E+00
  4.84848485E-01,  2.12121212E-01,  1.10832815E+00,  1.10832143E+00
  5.45454545E-01,  2.12121212E-01,  1.12266968E+00,  1.12266181E+00
  6.06060606E-01,  2.12121212E-01,  1.13719689E+00,  1.13718773E+00
  6.66666667E-01,  2.12121212E-01,  1.15191222E+00,  1.15190160E+00
  7.27272727E-01,  2.12121212E-01,  1.16681811E+00,  1.16680585E+00
  7.87878788E-01,  2.12121212E-01,  1.18191705E+00,  1.18190294E+00
  8.48484848E-01,  2.12121212E-01,  1.19721155E+00,  1.19719538E+00
  9.09090909E-01,  2.12121212E-01,  1.21270415E+00,  1.21268567E+00
  9.69696970E-01,  2.12121212E-01,  1.22839742E+00,  1.22837640E+00
  1.03030303E+00,  2.12121212E-01,  1.24429397E+00,  1.24427014E+00
  1.09090909E+00,  2.12121212E-01,  1.26039639E+00,  1.26036953E+00
  1.15151515E+00,  2.12121212E-01,  1.27670734E+00,  1.27667723E+00
  1.21212121E+00,  2.12121212E-01,  1.29322947E+00,  1.29319593E+00
  1.27272727E+00,  2.12121212E-01,  1.30996543E+00,  1.30992836E+00
  1.33333333E+00,  2.12121212E-01,  1.32691791E+00,  1.32687729E+00
  1.39393939E+00,  2.12121212E-01,  1.34408956E+00,  1.34404552E+00
  1.45454545E+00,  2.12121212E-01,  1.36148307E+00,  1.36143589E+00
  1.51515152E+00,  2.12121212E-01,  1.37910108E+00,  1.37905127E+00
  1.57575758E+00,  2.12121212E-01,  1.39694622E+00,  1.39689457E+00
  1.63636364E+00,  2.12121212E-01,  1.41502109E+00,  1.41496874E+00
  1.69696970E+00,  2.12121212E-01,  1.43332823E+00,  1.43327677E+00
  1.75757576E+00,  2.12121212E-01,  1.45187013E+00,  1.45182168E+00
  1.81818182E+00,  2.12121212E-01,  1.47064922E+00,  1.47060654E+00
  1.87878788E+00,  2.12121212E-01,  1.48966780E+00,  1.48963446E+00
  1.93939394E+00,  2.12121212E-01,  1.50892806E+00,  1.50890858E+00
  6.06060606E-02,  2.42424242E-01,  1.01480168E+00,  1.01480084E+00
  1.21212121E-01,  2.42424242E-01,  1.02982244E+00,  1.02982075E+00
  1.81818182E-01,  2.42424242E-01,  1.04506551E+00,  1.04506296E+00
  2.42424242E-01,  2.42424242E-01,  1.06053420E+00,  1.06053077E+00
  3.03030303E-01,  2.42424242E-01,  1.07623188E+00,  1.07622752E+00
  3.63636364E-01,  2.42424242E-01,  1.09216193E+00,  1.09215660E+00
  4.24242424E-01,  2.42424242E-01,  1.10832783E+00,  1.10832143E+00
  4.84848485E-01,  2.42424242E-01,  1.12473309E+00,  1.12472552E+00
  5.45454545E-01,  2.42424242E-01,  1.14138127E+00,  1.14137241E+00
  6.06060606E-01,  2.42424242E-01,  1.15827599E+00,  1.15826568E+00
  6.66666667E-01,  2.42424242E-01,  1.17542093E+00,  1.17540899E+00
  7.27272727E-01,  2.42424242E-01,  1.19281980E+00,  1.19280603E+00
  7.87878788E-01,  2.42424242E-01,  1.21047639E+00,  1.21046056E+00
  8.48484848E-01,  2.42424242E-01,  1.22839453E+00,  1.22837640E+00
  9.09090909E-01,  2.42424242E-01,  1.24657811E+00,  1.24655740E+00
  9.69696970E-01,  2.42424242E-01,  1.26503106E+00,  1.26500750E+00
  1.03030303E+00,  2.42424242E-01,  1.28375736E+00,  1.28373068E+00
  1.09090909E+00,  2.42424242E-01,  1.30276104E+00,  1.30273097E+00
  1.15151515E+00,  2.42424242E-01,  1.32204618E+00,  1.32201249E+00
  1.21212121E+00,  2.42424242E-01,  1.34161690E+00,  1.34157939E+00
  1.27272727E+00,  2.42424242E-01,  1.36147734E+00,  1.36143589E+00
  1.33333333E+00,  2.42424242E-01,  1.38163169E+00,  1.38158629E+00
  1.39393939E+00,  2.42424242E-01,  1.40208415E+00,  1.40203493E+00
  1.45454545E+00,  2.42424242E-01,  1.42283894E+00,  1.42278623E+00
  1.51515152E+00,  2.42424242E-01,  1.44390029E+00,  1.44384466E+00
  1.57575758E+00,  2.42424242E-01,  1.46527242E+00,  1.46521478E+00
  1.63636364E+00,  2.42424242E-01,  1.48695957E+00,  1.48690119E+00
  1.69696970E+00,  2.42424242E-01,  1.50896590E+00,  1.50890858E+00
  1.75757576E+00,  2.42424242E-01,  1.53129559E+00,  1.53124169E+00
  1.81818182E+00,  2.42424242E-01,  1.55395273E+00,  1.55390536E+00
  1.87878788E+00,  2.42424242E-01,  1.57694137E+00,  1.57690447E+00
  1.93939394E+00,  2.42424242E-01,  1.60026547E+00,  1.60024398E+00
  6.06060606E-02,  2.72727273E-01,  1.01666723E+00,  1.01666628E+00
  1.21212121E-01,  2.72727273E-01,  1.03361222E+00,  1.03361033E+00
  1.81818182E-01,  2.72727273E-01,  1.05083962E+00,  1.05083678E+00
  2.42424242E-01,  2.72727273E-01,  1.06835414E+00,  1.06835032E+00
  3.03030303E-01,  2.72727273E-01,  1.08616059E+00,  1.08615575E+00
  3.63636364E-01,  2.72727273E-01,  1.10426386E+00,  1.10425793E+00
  4.24242424E-01,  2.72727273E-01,  1.12266891E+00,  1.12266181E+00
  4.84848485E-01,  2.72727273E-01,  1.14138080E+00,  1.14137241E+00
  5.45454545E-01,  2.72727273E-01,  1.16040466E+00,  1.16039484E+00
  6.06060606E-01,  2.72727273E-01,  1.17974572E+00,  1.17973431E+00
  6.66666667E-01,  2.72727273E-01,  1.19940929E+00,  1.19939610E+00
  7.27272727E-01,  2.72727273E-01,  1.21940078E+00,  1.21938558E+00
  7.87878788E-01,  2.72727273E-01,  1.23972566E+00,  1.23970820E+00
  8.48484848E-01,  2.72727273E-01,  1.26038952E+00,  1.26036953E+00
  9.09090909E-01,  2.72727273E-01,  1.28139802E+00,  1.28137521E+00
  9.69696970E-01,  2.72727273E-01,  1.30275691E+00,  1.30273097E+00
  1.03030303E+00,  2.72727273E-01,  1.32447202E+00,  1.32444266E+00
  1.09090909E+00,  2.72727273E-01,  1.34654928E+00,  1.34651620E+00
  1.15151515E+00,  2.72727273E-01,  1.36899468E+00,  1.36895762E+00
  1.21212121E+00,  2.72727273E-01,  1.39181431E+00,  1.39177305E+00
  1.27272727E+00,  2.72727273E-01,  1.41501431E+00,  1.41496874E+00
  1.33333333E+00,  2.72727273E-01,  1.43860092E+00,  1.43855101E+00
  1.39393939E+00,  2.72727273E-01,  1.46258041E+00,  1.46252631E+00
  1.45454545E+00,  2.72727273E-01,  1.48695912E+00,  1.48690119E+00
  1.51515152E+00,  2.72727273E-01,  1.51174343E+00,  1.51168231E+00
  1.57575758E+00,  2.72727273E-01,  1.53693976E+00,  1.53687643E+00
  1.63636364E+00,  2.72727273E-01,  1.56255456E+00,  1.56249045E+00
  1.69696970E+00,  2.72727273E-01,  1.58859427E+00,  1.58853136E+00
  1.75757576E+00,  2.72727273E-01,  1.61506536E+00,  1.61500628E+00
  1.81818182E+00,  2.72727273E-01,  1.64197429E+00,  1.64192243E+00
  1.87878788E+00,  2.72727273E-01,  1.66932750E+00,  1.66928718E+00
  1.93939394E+00,  2.72727273E-01,  1.69713142E+00,  1.69710799E+00
  6.06060606E-02,  3.03030303E-01,  1.01853620E+00,  1.01853516E+00
  1.21212121E-01,  3.03030303E-01,  1.03741594E+00,  1.03741386E+00
  1.81818182E-01,  3.03030303E-01,  1.05664561E+00,  1.05664249E+00
  2.42424242E-01,  3.03030303E-01,  1.07623172E+00,  1.07622752E+00
  3.03030303E-01,  3.03030303E-01,  1.09618088E+00,  1.09617557E+00
  3.63636364E-01,  3.03030303E-01,  1.11649985E+00,  1.11649335E+00
  4.24242424E-01,  3.03030303E-01,  1.13719550E+00,  1.13718773E+00
  4.84848485E-01,  3.03030303E-01,  1.15827484E+00,  1.15826568E+00
  5.45454545E-01,  3.03030303E-01,  1.17974502E+00,  1.17973431E+00
  6.06060606E-01,  3.03030303E-01,  1.20161331E+00,  1.20160087E+00
  6.66666667E-01,  3.03030303E-01,  1.22388710E+00,  1.22387273E+00
  7.27272727E-01,  3.03030303E-01,  1.24657395E+00,  1.24655740E+00
  7.87878788E-01,  3.03030303E-01,  1.26968153E+00,  1.26966254E+00
  8.48484848E-01,  3.03030303E-01,  1.29321766E+00,  1.29319593E+00
  9.09090909E-01,  3.03030303E-01,  1.31719030E+00,  1.31716552E+00
  9.69696970E-01,  3.03030303E-01,  1.34160754E+00,  1.34157939E+00
  1.03030303E+00,  3.03030303E-01,  1.36647763E+00,  1.36644577E+00
  1.09090909E+00,  3.03030303E-01,  1.39180895E+00,  1.39177305E+00
  1.15151515E+00,  3.03030303E-01,  1.41760999E+00,  1.41756978E+00
  1.21212121E+00,  3.03030303E-01,  1.44388941E+00,  1.44384466E+00
  1.27272727E+00,  3.03030303E-01,  1.47065598E+00,  1.47060654E+00
  1.33333333E+00,  3.03030303E-01,  1.49791861E+00,  1.49786447E+00
  1.39393939E+00,  3.03030303E-01,  1.52568630E+00,  1.52562762E+00
  1.45454545E+00,  3.03030303E-01,  1.55396821E+00,  1.55390536E+00
  1.51515152E+00,  3.03030303E-01,  1.58277355E+00,  1.58270724E+00
  1.57575758E+00,  3.03030303E-01,  1.61211166E+00,  1.61204296E+00
  1.63636364E+00,  3.03030303E-01,  1.64199196E+00,  1.64192243E+00
  1.69696970E+00,  3.03030303E-01,  1.67242393E+00,  1.67235572E+00
  1.75757576E+00,  3.03030303E-01,  1.70341713E+00,  1.70335309E+00
  1.81818182E+00,  3.03030303E-01,  1.73498117E+00,  1.73492500E+00
  1.87878788E+00,  3.03030303E-01,  1.76712574E+00,  1.76708211E+00
  1.93939394E+00,  3.03030303E-01,  1.79986056E+00,  1.79983525E+00
  6.06060606E-02,  3.33333333E-01,  1.02040860E+00,  1.02040746E+00
  1.21212121E-01,  3.33333333E-01,  1.04123365E+00,  1.04123139E+00
  1.81818182E-01,  3.33333333E-01,  1.06248368E+00,  1.06248028E+00
  2.42424242E-01,  3.33333333E-01,  1.08416736E+00,  1.08416280E+00
  3.03030303E-01,  3.33333333E-01,  1.10629358E+00,  1.10628782E+00
  3.63636364E-01,  3.33333333E-01,  1.12887138E+00,  1.12886434E+00
  4.24242424E-01,  3.33333333E-01,  1.15191000E+00,  1.15190160E+00
  4.84848485E-01,  3.33333333E-01,  1.17541888E+00,  1.17540899E+00
  5.45454545E-01,  3.33333333E-01,  1.19940765E+00,  1.19939610E+00
  6.06060606E-01,  3.33333333E-01,  1.22388613E+00,  1.22387273E+00
  6.66666667E-01,  3.33333333E-01,  1.24886433E+00,  1.24884887E+00
  7.27272727E-01,  3.33333333E-01,  1.27435249E+00,  1.27433470E+00
  7.87878788E-01,  3.33333333E-01,  1.30036104E+00,  1.30034064E+00
  8.48484848E-01,  3.33333333E-01,  1.32690062E+00,  1.32687729E+00
  9.09090909E-01,  3.33333333E-01,  1.35398209E+00,  1.35395549E+00
  9.69696970E-01,  3.33333333E-01,  1.38161650E+00,  1.38158629E+00
  1.03030303E+00,  3.33333333E-01,  1.40981514E+00,  1.40978096E+00
  1.09090909E+00,  3.33333333E-01,  1.43858950E+00,  1.43855101E+00
  1.15151515E+00,  3.33333333E-01,  1.46795130E+00,  1.46790818E+00
  1.21212121E+00,  3.33333333E-01,  1.49791245E+00,  1.49786447E+00
  1.27272727E+00,  3.33333333E-01,  1.52848509E+00,  1.52843208E+00
  1.33333333E+00,  3.33333333E-01,  1.55968157E+00,  1.55962350E+00
  1.39393939E+00,  3.33333333E-01,  1.59151442E+00,  1.59145146E+00
  1.45454545E+00,  3.33333333E-01,  1.62399638E+00,  1.62392894E+00
  1.51515152E+00,  3.33333333E-01,  1.65714039E+00,  1.65706921E+00
  1.57575758E+00,  3.33333333E-01,  1.69095955E+00,  1.69088579E+00
  1.63636364E+00,  3.33333333E-01,  1.72546714E+00,  1.72539247E+00
  1.69696970E+00,  3.33333333E-01,  1.76067661E+00,  1.76060336E+00
  1.75757576E+00,  3.33333333E-01,  1.79660158E+00,  1.79653280E+00
  1.81818182E+00,  3.33333333E-01,  1.83325578E+00,  1.83319548E+00
  1.87878788E+00,  3.33333333E-01,  1.87065316E+00,  1.87060634E+00
  1.93939394E+00,  3.33333333E-01,  1.90880781E+00,  1.90878067E+00
  6.06060606E-02,  3.63636364E-01,  1.02228444E+00,  1.02228321E+00
  1.21212121E-01,  3.63636364E-01,  1.04506541E+00,  1.04506296E+00
  1.81818182E-01,  3.63636364E-01,  1.06835399E+00,  1.06835032E+00
  2.42424242E-01,  3.63636364E-01,  1.09216150E+00,  1.09215660E+00
  3.03030303E-01,  3.63636364E-01,  1.11649954E+00,  1.11649335E+00
  3.63636364E-01,  3.63636364E-01,  1.14137995E+00,  1.14137241E+00
  4.24242424E-01,  3.63636364E-01,  1.16681485E+00,  1.16680585E+00
  4.84848485E-01,  3.63636364E-01,  1.19281661E+00,  1.19280603E+00
  5.45454545E-01,  3.63636364E-01,  1.21939791E+00,  1.21938558E+00
  6.06060606E-01,  3.63636364E-01,  1.24657169E+00,  1.24655740E+00
  6.66666667E-01,  3.63636364E-01,  1.27435118E+00,  1.27433470E+00
  7.27272727E-01,  3.63636364E-01,  1.30274991E+00,  1.30273097E+00
  7.87878788E-01,  3.63636364E-01,  1.33178170E+00,  1.33176000E+00
  8.48484848E-01,  3.63636364E-01,  1.36146069E+00,  1.36143589E+00
  9.09090909E-01,  3.63636364E-01,  1.39180131E+00,  1.39177305E+00
  9.69696970E-01,  3.63636364E-01,  1.42281831E+00,  1.42278623E+00
  1.03030303E+00,  3.63636364E-01,  1.45452676E+00,  1.45449047E+00
  1.09090909E+00,  3.63636364E-01,  1.48694205E+00,  1.48690119E+00
  1.15151515E+00,  3.63636364E-01,  1.52007989E+00,  1.52003412E+00
  1.21212121E+00,  3.63636364E-01,  1.55395631E+00,  1.55390536E+00
  1.27272727E+00,  3.63636364E-01,  1.58858767E+00,  1.58853136E+00
  1.33333333E+00,  3.63636364E-01,  1.62399063E+00,  1.62392894E+00
  1.39393939E+00,  3.63636364E-01,  1.66018220E+00,  1.66011529E+00
  1.45454545E+00,  3.63636364E-01,  1.69717969E+00,  1.69710799E+00
  1.51515152E+00,  3.63636364E-01,  1.73500072E+00,  1.73492500E+00
  1.57575758E+00,  3.63636364E-01,  1.77366320E+00,  1.77358470E+00
  1.63636364E+00,  3.63636364E-01,  1.81318537E+00,  1.81310587E+00
  1.69696970E+00,  3.63636364E-01,  1.85358573E+00,  1.85350768E+00
  1.75757576E+00,  3.63636364E-01,  1.89488308E+00,  1.89480979E+00
  1.81818182E+00,  3.63636364E-01,  1.93709652E+00,  1.93703223E+00
  1.87878788E+00,  3.63636364E-01,  1.98024544E+00,  1.98019553E+00
  1.93939394E+00,  3.63636364E-01,  2.02434958E+00,  2.02432064E+00
  6.06060606E-02,  3.93939394E-01,  1.02416373E+00,  1.02416241E+00
  1.21212121E-01,  3.93939394E-01,  1.04891126E+00,  1.04890864E+00
  1.81818182E-01,  3.93939394E-01,  1.07425672E+00,  1.07425279E+00
  2.42424242E-01,  3.93939394E-01,  1.10021456E+00,  1.10020933E+00
  3.03030303E-01,  3.93939394E-01,  1.12679963E+00,  1.12679303E+00
  3.63636364E-01,  3.93939394E-01,  1.15402708E+00,  1.15401906E+00
  4.24242424E-01,  3.93939394E-01,  1.18191249E+00,  1.18190294E+00
  4.84848485E-01,  3.93939394E-01,  1.21047178E+00,  1.21046056E+00
  5.45454545E-01,  3.93939394E-01,  1.23972126E+00,  1.23970820E+00
  6.06060606E-01,  3.93939394E-01,  1.26967764E+00,  1.26966254E+00
  6.66666667E-01,  3.93939394E-01,  1.30035804E+00,  1.30034064E+00
  7.27272727E-01,  3.93939394E-01,  1.33177997E+00,  1.33176000E+00
  7.87878788E-01,  3.93939394E-01,  1.36396140E+00,  1.36393853E+00
  8.48484848E-01,  3.93939394E-01,  1.39692069E+00,  1.39689457E+00
  9.09090909E-01,  3.93939394E-01,  1.43067665E+00,  1.43064690E+00
  9.69696970E-01,  3.93939394E-01,  1.46524854E+00,  1.46521478E+00
  1.03030303E+00,  3.93939394E-01,  1.50065608E+00,  1.50061789E+00
  1.09090909E+00,  3.93939394E-01,  1.53691943E+00,  1.53687643E+00
  1.15151515E+00,  3.93939394E-01,  1.57405924E+00,  1.57401107E+00
  1.21212121E+00,  3.93939394E-01,  1.61209659E+00,  1.61204296E+00
  1.27272727E+00,  3.93939394E-01,  1.65105309E+00,  1.65099380E+00
  1.33333333E+00,  3.93939394E-01,  1.69095077E+00,  1.69088579E+00
  1.39393939E+00,  3.93939394E-01,  1.73181218E+00,  1.73174166E+00
  1.45454545E+00,  3.93939394E-01,  1.77366032E+00,  1.77358470E+00
  1.51515152E+00,  3.93939394E-01,  1.81651868E+00,  1.81643878E+00
  1.57575758E+00,  3.93939394E-01,  1.86041122E+00,  1.86032831E+00
  1.63636364E+00,  3.93939394E-01,  1.90536236E+00,  1.90527832E+00
  1.69696970E+00,  3.93939394E-01,  1.95139699E+00,  1.95131443E+00
  1.75757576E+00,  3.93939394E-01,  1.99854048E+00,  1.99846289E+00
  1.81818182E+00,  3.93939394E-01,  2.04681867E+00,  2.04675056E+00
  1.87878788E+00,  3.93939394E-01,  2.09625790E+00,  2.09620498E+00
  1.93939394E+00,  3.93939394E-01,  2.14688503E+00,  2.14685434E+00
  6.06060606E-02,  4.24242424E-01,  1.02604647E+00,  1.02604506E+00
  1.21212121E-01,  4.24242424E-01,  1.05277126E+00,  1.05276846E+00
  1.81818182E-01,  4.24242424E-01,  1.08019204E+00,  1.08018788E+00
  2.42424242E-01,  4.24242424E-01,  1.10832698E+00,  1.10832143E+00
  3.03030303E-01,  4.24242424E-01,  1.13719470E+00,  1.13718773E+00
  3.63636364E-01,  4.24242424E-01,  1.16681431E+00,  1.16680585E+00
  4.24242424E-01,  4.24242424E-01,  1.19720543E+00,  1.19719538E+00
  4.84848485E-01,  4.24242424E-01,  1.22838819E+00,  1.22837640E+00
  5.45454545E-01,  4.24242424E-01,  1.26038324E+00,  1.26036953E+00
  6.06060606E-01,  4.24242424E-01,  1.29321176E+00,  1.29319593E+00
  6.66666667E-01,  4.24242424E-01,  1.32689551E+00,  1.32687729E+00
  7.27272727E-01,  4.24242424E-01,  1.36145679E+00,  1.36143589E+00
  7.87878788E-01,  4.24242424E-01,  1.39691848E+00,  1.39689457E+00
  8.48484848E-01,  4.24242424E-01,  1.43330406E+00,  1.43327677E+00
  9.09090909E-01,  4.24242424E-01,  1.47063761E+00,  1.47060654E+00
  9.69696970E-01,  4.24242424E-01,  1.50894383E+00,  1.50890858E+00
  1.03030303E+00,  4.24242424E-01,  1.54824805E+00,  1.54820819E+00
  1.09090909E+00,  4.24242424E-01,  1.58857625E+00,  1.58853136E+00
  1.15151515E+00,  4.24242424E-01,  1.62995504E+00,  1.62990475E+00
  1.21212121E+00,  4.24242424E-01,  1.67241172E+00,  1.67235572E+00
  1.27272727E+00,  4.24242424E-01,  1.71597426E+00,  1.71591232E+00
  1.33333333E+00,  4.24242424E-01,  1.76067128E+00,  1.76060336E+00
  1.39393939E+00,  4.24242424E-01,  1.80653214E+00,  1.80645837E+00
  1.45454545E+00,  4.24242424E-01,  1.85358685E+00,  1.85350768E+00
  1.51515152E+00,  4.24242424E-01,  1.90186613E+00,  1.90178240E+00
  1.57575758E+00,  4.24242424E-01,  1.95140140E+00,  1.95131443E+00
  1.63636364E+00,  4.24242424E-01,  2.00222477E+00,  2.00213653E+00
  1.69696970E+00,  4.24242424E-01,  2.05436909E+00,  2.05428229E+00
  1.75757576E+00,  4.24242424E-01,  2.10786787E+00,  2.10778620E+00
  1.81818182E+00,  4.24242424E-01,  2.16275538E+00,  2.16268361E+00
  1.87878788E+00,  4.24242424E-01,  2.21906666E+00,  2.21901083E+00
  1.93939394E+00,  4.24242424E-01,  2.27683751E+00,  2.27680510E+00
  6.06060606E-02,  4.54545455E-01,  1.02793267E+00,  1.02793117E+00
  1.21212121E-01,  4.54545455E-01,  1.05664545E+00,  1.05664249E+00
  1.81818182E-01,  4.54545455E-01,  1.08616015E+00,  1.08615575E+00
  2.42424242E-01,  4.54545455E-01,  1.11649919E+00,  1.11649335E+00
  3.03030303E-01,  4.54545455E-01,  1.14768564E+00,  1.14767832E+00
  3.63636364E-01,  4.54545455E-01,  1.17974318E+00,  1.17973431E+00
  4.24242424E-01,  4.54545455E-01,  1.21269619E+00,  1.21268567E+00
  4.84848485E-01,  4.54545455E-01,  1.24656971E+00,  1.24655740E+00
  5.45454545E-01,  4.54545455E-01,  1.28138949E+00,  1.28137521E+00
  6.06060606E-01,  4.54545455E-01,  1.31718199E+00,  1.31716552E+00
  6.66666667E-01,  4.54545455E-01,  1.35397442E+00,  1.35395549E+00
  7.27272727E-01,  4.54545455E-01,  1.39179475E+00,  1.39177305E+00
  7.87878788E-01,  4.54545455E-01,  1.43067171E+00,  1.43064690E+00
  8.48484848E-01,  4.54545455E-01,  1.47063484E+00,  1.47060654E+00
  9.09090909E-01,  4.54545455E-01,  1.51171450E+00,  1.51168231E+00
  9.69696970E-01,  4.54545455E-01,  1.55394188E+00,  1.55390536E+00
  1.03030303E+00,  4.54545455E-01,  1.59734905E+00,  1.59730776E+00
  1.09090909E+00,  4.54545455E-01,  1.64196893E+00,  1.64192243E+00
  1.15151515E+00,  4.54545455E-01,  1.68783535E+00,  1.68778324E+00
  1.21212121E+00,  4.54545455E-01,  1.73498306E+00,  1.73492500E+00
  1.27272727E+00,  4.54545455E-01,  1.78344773E+00,  1.78338349E+00
  1.33333333E+00,  4.54545455E-01,  1.83326598E+00,  1.83319548E+00
  1.39393939E+00,  4.54545455E-01,  1.88447540E+00,  1.88439877E+00
  1.45454545E+00,  4.54545455E-01,  1.93711455E+00,  1.93703223E+00
  1.51515152E+00,  4.54545455E-01,  1.99122297E+00,  1.99113581E+00
  1.57575758E+00,  4.54545455E-01,  2.04684121E+00,  2.04675056E+00
  1.63636364E+00,  4.54545455E-01,  2.10401081E+00,  2.10391870E+00
  1.69696970E+00,  4.54545455E-01,  2.16277434E+00,  2.16268361E+00
  1.75757576E+00,  4.54545455E-01,  2.22317540E+00,  2.22308989E+00
  1.81818182E+00,  4.54545455E-01,  2.28525866E+00,  2.28518339E+00
  1.87878788E+00,  4.54545455E-01,  2.34906988E+00,  2.34901124E+00
  1.93939394E+00,  4.54545455E-01,  2.41465598E+00,  2.41462187E+00
  6.06060606E-02,  4.84848485E-01,  1.02982233E+00,  1.02982075E+00
  1.21212121E-01,  4.84848485E-01,  1.06053389E+00,  1.06053077E+00
  1.81818182E-01,  4.84848485E-01,  1.09216121E+00,  1.09215660E+00
  2.42424242E-01,  4.84848485E-01,  1.12473164E+00,  1.12472552E+00
  3.03030303E-01,  4.84848485E-01,  1.15827332E+00,  1.15826568E+00
  3.63636364E-01,  4.84848485E-01,  1.19281526E+00,  1.19280603E+00
  4.24242424E-01,  4.84848485E-01,  1.22838732E+00,  1.22837640E+00
  4.84848485E-01,  4.84848485E-01,  1.26502026E+00,  1.26500750E+00
  5.45454545E-01,  4.84848485E-01,  1.30274575E+00,  1.30273097E+00
  6.06060606E-01,  4.84848485E-01,  1.34159641E+00,  1.34157939E+00
  6.66666667E-01,  4.84848485E-01,  1.38160583E+00,  1.38158629E+00
  7.27272727E-01,  4.84848485E-01,  1.42280859E+00,  1.42278623E+00
  7.87878788E-01,  4.84848485E-01,  1.46524032E+00,  1.46521478E+00
  8.48484848E-01,  4.84848485E-01,  1.50893770E+00,  1.50890858E+00
  9.09090909E-01,  4.84848485E-01,  1.55393848E+00,  1.55390536E+00
  9.69696970E-01,  4.84848485E-01,  1.60028155E+00,  1.60024398E+00
  1.03030303E+00,  4.84848485E-01,  1.64800693E+00,  1.64796446E+00
  1.09090909E+00,  4.84848485E-01,  1.69715582E+00,  1.69710799E+00
  1.15151515E+00,  4.84848485E-01,  1.74777064E+00,  1.74771702E+00
  1.21212121E+00,  4.84848485E-01,  1.79989502E+00,  1.79983525E+00
  1.27272727E+00,  4.84848485E-01,  1.85357386E+00,  1.85350768E+00
  1.33333333E+00,  4.84848485E-01,  1.90885336E+00,  1.90878067E+00
  1.39393939E+00,  4.84848485E-01,  1.96578103E+00,  1.96570194E+00
  1.45454545E+00,  4.84848485E-01,  2.02440570E+00,  2.02432064E+00
  1.51515152E+00,  4.84848485E-01,  2.08477758E+00,  2.08468740E+00
  1.57575758E+00,  4.84848485E-01,  2.14694826E+00,  2.14685434E+00
  1.63636364E+00,  4.84848485E-01,  2.21097074E+00,  2.21087514E+00
  1.69696970E+00,  4.84848485E-01,  2.27689943E+00,  2.27680510E+00
  1.75757576E+00,  4.84848485E-01,  2.34479022E+00,  2.34470113E+00
  1.81818182E+00,  4.84848485E-01,  2.41470045E+00,  2.41462187E+00
  1.87878788E+00,  4.84848485E-01,  2.48668906E+00,  2.48662770E+00
  1.93939394E+00,  4.84848485E-01,  2.56081656E+00,  2.56078080E+00
  6.06060606E-02,  5.15151515E-01,  1.03171547E+00,  1.03171380E+00
  1.21212121E-01,  5.15151515E-01,  1.06443663E+00,  1.06443337E+00
  1.81818182E-01,  5.15151515E-01,  1.09819541E+00,  1.09819060E+00
  2.42424242E-01,  5.15151515E-01,  1.13302475E+00,  1.13301839E+00
  3.03030303E-01,  5.15151515E-01,  1.16895864E+00,  1.16895071E+00
  3.63636364E-01,  5.15151515E-01,  1.20603213E+00,  1.20602258E+00
  4.24242424E-01,  5.15151515E-01,  1.24428142E+00,  1.24427014E+00
  4.84848485E-01,  5.15151515E-01,  1.28374382E+00,  1.28373068E+00
  5.45454545E-01,  5.15151515E-01,  1.32445785E+00,  1.32444266E+00
  6.06060606E-01,  5.15151515E-01,  1.36646324E+00,  1.36644577E+00
  6.66666667E-01,  5.15151515E-01,  1.40980098E+00,  1.40978096E+00
  7.27272727E-01,  5.15151515E-01,  1.45451337E+00,  1.45449047E+00
  7.87878788E-01,  5.15151515E-01,  1.50064402E+00,  1.50061789E+00
  8.48484848E-01,  5.15151515E-01,  1.54823795E+00,  1.54820819E+00
  9.09090909E-01,  5.15151515E-01,  1.59734159E+00,  1.59730776E+00
  9.69696970E-01,  5.15151515E-01,  1.64800283E+00,  1.64796446E+00
  1.03030303E+00,  5.15151515E-01,  1.70027105E+00,  1.70022767E+00
  1.09090909E+00,  5.15151515E-01,  1.75419722E+00,  1.75414835E+00
  1.15151515E+00,  5.15151515E-01,  1.80983386E+00,  1.80977907E+00
  1.21212121E+00,  5.15151515E-01,  1.86723515E+00,  1.86717404E+00
  1.27272727E+00,  5.15151515E-01,  1.92645694E+00,  1.92638923E+00
  1.33333333E+00,  5.15151515E-01,  1.98755680E+00,  1.98748235E+00
  1.39393939E+00,  5.15151515E-01,  2.05059406E+00,  2.05051297E+00
  1.45454545E+00,  5.15151515E-01,  2.11562986E+00,  2.11554253E+00
  1.51515152E+00,  5.15151515E-01,  2.18272716E+00,  2.18263442E+00
  1.57575758E+00,  5.15151515E-01,  2.25195081E+00,  2.25185406E+00
  1.63636364E+00,  5.15151515E-01,  2.32336758E+00,  2.32326891E+00
  1.69696970E+00,  5.15151515E-01,  2.39704618E+00,  2.39694860E+00
  1.75757576E+00,  5.15151515E-01,  2.47305732E+00,  2.47296495E+00
  1.81818182E+00,  5.15151515E-01,  2.55147375E+00,  2.55139207E+00
  1.87878788E+00,  5.15151515E-01,  2.63237035E+00,  2.63230641E+00
  1.93939394E+00,  5.15151515E-01,  2.71582421E+00,  2.71578685E+00
  6.06060606E-02,  5.45454545E-01,  1.03361208E+00,  1.03361033E+00
  1.21212121E-01,  5.45454545E-01,  1.06835372E+00,  1.06835032E+00
  1.81818182E-01,  5.45454545E-01,  1.10426293E+00,  1.10425793E+00
  2.42424242E-01,  5.45454545E-01,  1.14137899E+00,  1.14137241E+00
  3.03030303E-01,  5.45454545E-01,  1.17974249E+00,  1.17973431E+00
  3.63636364E-01,  5.45454545E-01,  1.21939539E+00,  1.21938558E+00
  4.24242424E-01,  5.45454545E-01,  1.26038109E+00,  1.26036953E+00
  4.84848485E-01,  5.45454545E-01,  1.30274442E+00,  1.30273097E+00
  5.45454545E-01,  5.45454545E-01,  1.34653171E+00,  1.34651620E+00
  6.06060606E-01,  5.45454545E-01,  1.39179086E+00,  1.39177305E+00
  6.66666667E-01,  5.45454545E-01,  1.43857139E+00,  1.43855101E+00
  7.27272727E-01,  5.45454545E-01,  1.48692447E+00,  1.48690119E+00
  7.87878788E-01,  5.45454545E-01,  1.53690298E+00,  1.53687643E+00
  8.48484848E-01,  5.45454545E-01,  1.58856158E+00,  1.58853136E+00
  9.09090909E-01,  5.45454545E-01,  1.64195676E+00,  1.64192243E+00
  9.69696970E-01,  5.45454545E-01,  1.69714691E+00,  1.69710799E+00
  1.03030303E+00,  5.45454545E-01,  1.75419236E+00,  1.75414835E+00
  1.09090909E+00,  5.45454545E-01,  1.81315544E+00,  1.81310587E+00
  1.15151515E+00,  5.45454545E-01,  1.87410057E+00,  1.87404496E+00
  1.21212121E+00,  5.45454545E-01,  1.93709429E+00,  1.93703223E+00
  1.27272727E+00,  5.45454545E-01,  2.00220536E+00,  2.00213653E+00
  1.33333333E+00,  5.45454545E-01,  2.06950476E+00,  2.06942901E+00
  1.39393939E+00,  5.45454545E-01,  2.13906582E+00,  2.13898321E+00
  1.45454545E+00,  5.45454545E-01,  2.21096425E+00,  2.21087514E+00
  1.51515152E+00,  5.45454545E-01,  2.28527818E+00,  2.28518339E+00
  1.57575758E+00,  5.45454545E-01,  2.36208826E+00,  2.36198917E+00
  1.63636364E+00,  5.45454545E-01,  2.44147770E+00,  2.44137641E+00
  1.69696970E+00,  5.45454545E-01,  2.52353230E+00,  2.52343189E+00
  1.75757576E+00,  5.45454545E-01,  2.60834058E+00,  2.60824527E+00
  1.81818182E+00,  5.45454545E-01,  2.69599380E+00,  2.69590927E+00
  1.87878788E+00,  5.45454545E-01,  2.78658606E+00,  2.78651967E+00
  1.93939394E+00,  5.45454545E-01,  2.88021444E+00,  2.88017553E+00
  6.06060606E-02,  5.75757576E-01,  1.03551217E+00,  1.03551035E+00
  1.21212121E-01,  5.75757576E-01,  1.07228521E+00,  1.07228169E+00
  1.81818182E-01,  5.75757576E-01,  1.11036395E+00,  1.11035879E+00
  2.42424242E-01,  5.75757576E-01,  1.14979478E+00,  1.14978802E+00
  3.03030303E-01,  5.75757576E-01,  1.19062577E+00,  1.19061740E+00
  3.63636364E-01,  5.75757576E-01,  1.23290667E+00,  1.23289664E+00
  4.24242424E-01,  5.75757576E-01,  1.27668901E+00,  1.27667723E+00
  4.84848485E-01,  5.75757576E-01,  1.32202615E+00,  1.32201249E+00
  5.45454545E-01,  5.75757576E-01,  1.36897335E+00,  1.36895762E+00
  6.06060606E-01,  5.75757576E-01,  1.41758781E+00,  1.41756978E+00
  6.66666667E-01,  5.75757576E-01,  1.46792879E+00,  1.46790818E+00
  7.27272727E-01,  5.75757576E-01,  1.52005763E+00,  1.52003412E+00
  7.87878788E-01,  5.75757576E-01,  1.57403784E+00,  1.57401107E+00
  8.48484848E-01,  5.75757576E-01,  1.62993521E+00,  1.62990475E+00
  9.09090909E-01,  5.75757576E-01,  1.68781783E+00,  1.68778324E+00
  9.69696970E-01,  5.75757576E-01,  1.74775622E+00,  1.74771702E+00
  1.03030303E+00,  5.75757576E-01,  1.80982338E+00,  1.80977907E+00
  1.09090909E+00,  5.75757576E-01,  1.87409490E+00,  1.87404496E+00
  1.15151515E+00,  5.75757576E-01,  1.94064900E+00,  1.94059295E+00
  1.21212121E+00,  5.75757576E-01,  2.00956668E+00,  2.00950409E+00
  1.27272727E+00,  5.75757576E-01,  2.08093176E+00,  2.08086229E+00
  1.33333333E+00,  5.75757576E-01,  2.15483100E+00,  2.15475444E+00
  1.39393939E+00,  5.75757576E-01,  2.23135414E+00,  2.23127053E+00
  1.45454545E+00,  5.75757576E-01,  2.31059406E+00,  2.31050373E+00
  1.51515152E+00,  5.75757576E-01,  2.39264680E+00,  2.39255053E+00
  1.57575758E+00,  5.75757576E-01,  2.47761171E+00,  2.47751084E+00
  1.63636364E+00,  5.75757576E-01,  2.56559149E+00,  2.56548812E+00
  1.69696970E+00,  5.75757576E-01,  2.65669228E+00,  2.65658950E+00
  1.75757576E+00,  5.75757576E-01,  2.75102379E+00,  2.75092593E+00
  1.81818182E+00,  5.75757576E-01,  2.84869937E+00,  2.84861228E+00
  1.87878788E+00,  5.75757576E-01,  2.94983614E+00,  2.94976750E+00
  1.93939394E+00,  5.75757576E-01,  3.05455518E+00,  3.05451478E+00
  6.06060606E-02,  6.06060606E-01,  1.03741574E+00,  1.03741386E+00
  1.21212121E-01,  6.06060606E-01,  1.07623116E+00,  1.07622752E+00
  1.81818182E-01,  6.06060606E-01,  1.11649865E+00,  1.11649335E+00
  2.42424242E-01,  6.06060606E-01,  1.15827259E+00,  1.15826568E+00
  3.03030303E-01,  6.06060606E-01,  1.20160940E+00,  1.20160087E+00
  3.63636364E-01,  6.06060606E-01,  1.24656758E+00,  1.24655740E+00
  4.24242424E-01,  6.06060606E-01,  1.29320785E+00,  1.29319593E+00
  4.84848485E-01,  6.06060606E-01,  1.34159318E+00,  1.34157939E+00
  5.45454545E-01,  6.06060606E-01,  1.39178890E+00,  1.39177305E+00
  6.06060606E-01,  6.06060606E-01,  1.44386279E+00,  1.44384466E+00
  6.66666667E-01,  6.06060606E-01,  1.49788515E+00,  1.49786447E+00
  7.27272727E-01,  6.06060606E-01,  1.55392892E+00,  1.55390536E+00
  7.87878788E-01,  6.06060606E-01,  1.61206977E+00,  1.61204296E+00
  8.48484848E-01,  6.06060606E-01,  1.67238619E+00,  1.67235572E+00
  9.09090909E-01,  6.06060606E-01,  1.73495959E+00,  1.73492500E+00
  9.69696970E-01,  6.06060606E-01,  1.79987444E+00,  1.79983525E+00
  1.03030303E+00,  6.06060606E-01,  1.86721835E+00,  1.86717404E+00
  1.09090909E+00,  6.06060606E-01,  1.93708217E+00,  1.93703223E+00
  1.15151515E+00,  6.06060606E-01,  2.00956017E+00,  2.00950409E+00
  1.21212121E+00,  6.06060606E-01,  2.08475007E+00,  2.08468740E+00
  1.27272727E+00,  6.06060606E-01,  2.16275324E+00,  2.16268361E+00
  1.33333333E+00,  6.06060606E-01,  2.24367478E+00,  2.24359796E+00
  1.39393939E+00,  6.06060606E-01,  2.32762366E+00,  2.32753962E+00
  1.45454545E+00,  6.06060606E-01,  2.41471282E+00,  2.41462187E+00
  1.51515152E+00,  6.06060606E-01,  2.50505935E+00,  2.50496220E+00
  1.57575758E+00,  6.06060606E-01,  2.59878455E+00,  2.59868251E+00
  1.63636364E+00,  6.06060606E-01,  2.69601412E+00,  2.69590927E+00
  1.69696970E+00,  6.06060606E-01,  2.79687823E+00,  2.79677364E+00
  1.75757576E+00,  6.06060606E-01,  2.90151169E+00,  2.90141175E+00
  1.81818182E+00,  6.06060606E-01,  3.01005406E+00,  3.00996477E+00
  1.87878788E+00,  6.06060606E-01,  3.12264985E+00,  3.12257918E+00
  1.93939394E+00,  6.06060606E-01,  3.23944870E+00,  3.23940693E+00
  6.06060606E-02,  6.36363636E-01,  1.03932281E+00,  1.03932087E+00
  1.21212121E-01,  6.36363636E-01,  1.08019160E+00,  1.08018788E+00
  1.81818182E-01,  6.36363636E-01,  1.12266721E+00,  1.12266181E+00
  2.42424242E-01,  6.36363636E-01,  1.16681287E+00,  1.16680585E+00
  3.03030303E-01,  6.36363636E-01,  1.21269429E+00,  1.21268567E+00
  3.63636364E-01,  6.36363636E-01,  1.26037979E+00,  1.26036953E+00
  4.24242424E-01,  6.36363636E-01,  1.30994034E+00,  1.30992836E+00
  4.84848485E-01,  6.36363636E-01,  1.36144971E+00,  1.36143589E+00
  5.45454545E-01,  6.36363636E-01,  1.41498458E+00,  1.41496874E+00
  6.06060606E-01,  6.36363636E-01,  1.47062463E+00,  1.47060654E+00
  6.66666667E-01,  6.36363636E-01,  1.52845268E+00,  1.52843208E+00
  7.27272727E-01,  6.36363636E-01,  1.58855480E+00,  1.58853136E+00
  7.87878788E-01,  6.36363636E-01,  1.65102044E+00,  1.65099380E+00
  8.48484848E-01,  6.36363636E-01,  1.71594257E+00,  1.71591232E+00
  9.09090909E-01,  6.36363636E-01,  1.78341781E+00,  1.78338349E+00
  9.69696970E-01,  6.36363636E-01,  1.85354656E+00,  1.85350768E+00
  1.03030303E+00,  6.36363636E-01,  1.92643318E+00,  1.92638923E+00
  1.09090909E+00,  6.36363636E-01,  2.00218608E+00,  2.00213653E+00
  1.15151515E+00,  6.36363636E-01,  2.08091795E+00,  2.08086229E+00
  1.21212121E+00,  6.36363636E-01,  2.16274587E+00,  2.16268361E+00
  1.27272727E+00,  6.36363636E-01,  2.24779147E+00,  2.24772222E+00
  1.33333333E+00,  6.36363636E-01,  2.33618112E+00,  2.33610462E+00
  1.39393939E+00,  6.36363636E-01,  2.42804611E+00,  2.42796229E+00
  1.45454545E+00,  6.36363636E-01,  2.52352278E+00,  2.52343189E+00
  1.51515152E+00,  6.36363636E-01,  2.62275275E+00,  2.62265543E+00
  1.57575758E+00,  6.36363636E-01,  2.72588302E+00,  2.72578053E+00
  1.63636364E+00,  6.36363636E-01,  2.83306625E+00,  2.83296060E+00
  1.69696970E+00,  6.36363636E-01,  2.94446084E+00,  2.94435509E+00
  1.75757576E+00,  6.36363636E-01,  3.06023116E+00,  3.06012970E+00
  1.81818182E+00,  6.36363636E-01,  3.18054773E+00,  3.18045667E+00
  1.87878788E+00,  6.36363636E-01,  3.30558743E+00,  3.30551500E+00
  1.93939394E+00,  6.36363636E-01,  3.43553377E+00,  3.43549074E+00
  6.06060606E-02,  6.66666667E-01,  1.04123338E+00,  1.04123139E+00
  1.21212121E-01,  6.66666667E-01,  1.08416660E+00,  1.08416280E+00
  1.81818182E-01,  6.66666667E-01,  1.12886982E+00,  1.12886434E+00
  2.42424242E-01,  6.66666667E-01,  1.17541606E+00,  1.17540899E+00
  3.03030303E-01,  6.66666667E-01,  1.22388138E+00,  1.22387273E+00
  3.63636364E-01,  6.66666667E-01,  1.27434496E+00,  1.27433470E+00
  4.24242424E-01,  6.66666667E-01,  1.32688923E+00,  1.32687729E+00
  4.84848485E-01,  6.66666667E-01,  1.38160002E+00,  1.38158629E+00
  5.45454545E-01,  6.66666667E-01,  1.43856671E+00,  1.43855101E+00
  6.06060606E-01,  6.66666667E-01,  1.49788236E+00,  1.49786447E+00
  6.66666667E-01,  6.66666667E-01,  1.55964385E+00,  1.55962350E+00
  7.27272727E-01,  6.66666667E-01,  1.62395206E+00,  1.62392894E+00
  7.87878788E-01,  6.66666667E-01,  1.69091203E+00,  1.69088579E+00
  8.48484848E-01,  6.66666667E-01,  1.76063313E+00,  1.76060336E+00
  9.09090909E-01,  6.66666667E-01,  1.83322924E+00,  1.83319548E+00
  9.69696970E-01,  6.66666667E-01,  1.90881891E+00,  1.90878067E+00
  1.03030303E+00,  6.66666667E-01,  1.98752557E+00,  1.98748235E+00
  1.09090909E+00,  6.66666667E-01,  2.06947775E+00,  2.06942901E+00
  1.15151515E+00,  6.66666667E-01,  2.15480922E+00,  2.15475444E+00
  1.21212121E+00,  6.66666667E-01,  2.24365928E+00,  2.24359796E+00
  1.27272727E+00,  6.66666667E-01,  2.33617290E+00,  2.33610462E+00
  1.33333333E+00,  6.66666667E-01,  2.43250100E+00,  2.43242545E+00
  1.39393939E+00,  6.66666667E-01,  2.53280065E+00,  2.53271773E+00
  1.45454545E+00,  6.66666667E-01,  2.63723531E+00,  2.63714520E+00
  1.51515152E+00,  6.66666667E-01,  2.74597507E+00,  2.74587836E+00
  1.57575758E+00,  6.66666667E-01,  2.85919689E+00,  2.85909474E+00
  1.63636364E+00,  6.66666667E-01,  2.97708484E+00,  2.97697919E+00
  1.69696970E+00,  6.66666667E-01,  3.09983034E+00,  3.09972417E+00
  1.75757576E+00,  6.66666667E-01,  3.22763242E+00,  3.22753011E+00
  1.81818182E+00,  6.66666667E-01,  3.36069795E+00,  3.36060565E+00
  1.87878788E+00,  6.66666667E-01,  3.49924192E+00,  3.49916809E+00
  1.93939394E+00,  6.66666667E-01,  3.64348778E+00,  3.64344365E+00
  6.06060606E-02,  6.96969697E-01,  1.04314744E+00,  1.04314542E+00
  1.21212121E-01,  6.96969697E-01,  1.08815620E+00,  1.08815236E+00
  1.81818182E-01,  6.96969697E-01,  1.13510665E+00,  1.13510115E+00
  2.42424242E-01,  6.96969697E-01,  1.18408263E+00,  1.18407556E+00
  3.03030303E-01,  6.96969697E-01,  1.23517160E+00,  1.23516299E+00
  3.63636364E-01,  6.96969697E-01,  1.28846477E+00,  1.28845461E+00
  4.24242424E-01,  6.96969697E-01,  1.34405731E+00,  1.34404552E+00
  4.84848485E-01,  6.96969697E-01,  1.40204845E+00,  1.40203493E+00
  5.45454545E-01,  6.96969697E-01,  1.46254174E+00,  1.46252631E+00
  6.06060606E-01,  6.96969697E-01,  1.52564516E+00,  1.52562762E+00
  6.66666667E-01,  6.96969697E-01,  1.59147136E+00,  1.59145146E+00
  7.27272727E-01,  6.96969697E-01,  1.66013787E+00,  1.66011529E+00
  7.87878788E-01,  6.96969697E-01,  1.73176726E+00,  1.73174166E+00
  8.48484848E-01,  6.96969697E-01,  1.80648740E+00,  1.80645837E+00
  9.09090909E-01,  6.96969697E-01,  1.88443166E+00,  1.88439877E+00
  9.69696970E-01,  6.96969697E-01,  1.96573918E+00,  1.96570194E+00
  1.03030303E+00,  6.96969697E-01,  2.05055506E+00,  2.05051297E+00
  1.09090909E+00,  6.96969697E-01,  2.13903068E+00,  2.13898321E+00
  1.15151515E+00,  6.96969697E-01,  2.23132392E+00,  2.23127053E+00
  1.21212121E+00,  6.96969697E-01,  2.32759944E+00,  2.32753962E+00
  1.27272727E+00,  6.96969697E-01,  2.42802897E+00,  2.42796229E+00
  1.33333333E+00,  6.96969697E-01,  2.53279161E+00,  2.53271773E+00
  1.39393939E+00,  6.96969697E-01,  2.64207413E+00,  2.64199290E+00
  1.45454545E+00,  6.96969697E-01,  2.75607126E+00,  2.75598278E+00
  1.51515152E+00,  6.96969697E-01,  2.87498602E+00,  2.87489080E+00
  1.57575758E+00,  6.96969697E-01,  2.99903005E+00,  2.99892917E+00
  1.63636364E+00,  6.96969697E-01,  3.12842395E+00,  3.12831921E+00
  1.69696970E+00,  6.96969697E-01,  3.26339755E+00,  3.26329185E+00
  1.75757576E+00,  6.96969697E-01,  3.40419031E+00,  3.40408793E+00
  1.81818182E+00,  6.96969697E-01,  3.55105160E+00,  3.55095873E+00
  1.87878788E+00,  6.96969697E-01,  3.70424109E+00,  3.70416632E+00
  1.93939394E+00,  6.96969697E-01,  3.86402913E+00,  3.86398412E+00
  6.06060606E-02,  7.27272727E-01,  1.04506501E+00,  1.04506296E+00
  1.21212121E-01,  7.27272727E-01,  1.09216044E+00,  1.09215660E+00
  1.81818182E-01,  7.27272727E-01,  1.14137788E+00,  1.14137241E+00
  2.42424242E-01,  7.27272727E-01,  1.19281302E+00,  1.19280603E+00
  3.03030303E-01,  7.27272727E-01,  1.24656588E+00,  1.24655740E+00
  3.63636364E-01,  7.27272727E-01,  1.30274094E+00,  1.30273097E+00
  4.24242424E-01,  7.27272727E-01,  1.36144740E+00,  1.36143589E+00
  4.84848485E-01,  7.27272727E-01,  1.42279940E+00,  1.42278623E+00
  5.45454545E-01,  7.27272727E-01,  1.48691618E+00,  1.48690119E+00
  6.06060606E-01,  7.27272727E-01,  1.55392237E+00,  1.55390536E+00
  6.66666667E-01,  7.27272727E-01,  1.62394821E+00,  1.62392894E+00
  7.27272727E-01,  7.27272727E-01,  1.69712981E+00,  1.69710799E+00
  7.87878788E-01,  7.27272727E-01,  1.77360941E+00,  1.77358470E+00
  8.48484848E-01,  7.27272727E-01,  1.85353567E+00,  1.85350768E+00
  9.09090909E-01,  7.27272727E-01,  1.93706392E+00,  1.93703223E+00
  9.69696970E-01,  7.27272727E-01,  2.02435650E+00,  2.02432064E+00
  1.03030303E+00,  7.27272727E-01,  2.11558306E+00,  2.11554253E+00
  1.09090909E+00,  7.27272727E-01,  2.21092087E+00,  2.21087514E+00
  1.15151515E+00,  7.27272727E-01,  2.31055518E+00,  2.31050373E+00
  1.21212121E+00,  7.27272727E-01,  2.41467956E+00,  2.41462187E+00
  1.27272727E+00,  7.27272727E-01,  2.52349627E+00,  2.52343189E+00
  1.33333333E+00,  7.27272727E-01,  2.63721665E+00,  2.63714520E+00
  1.39393939E+00,  7.27272727E-01,  2.75606149E+00,  2.75598278E+00
  1.45454545E+00,  7.27272727E-01,  2.88026146E+00,  2.88017553E+00
  1.51515152E+00,  7.27272727E-01,  3.01005750E+00,  3.00996477E+00
  1.57575758E+00,  7.27272727E-01,  3.14570129E+00,  3.14560270E+00
  1.63636364E+00,  7.27272727E-01,  3.28745563E+00,  3.28735288E+00
  1.69696970E+00,  7.27272727E-01,  3.43559493E+00,  3.43549074E+00
  1.75757576E+00,  7.27272727E-01,  3.59040560E+00,  3.59030413E+00
  1.81818182E+00,  7.27272727E-01,  3.75218651E+00,  3.75209387E+00
  1.87878788E+00,  7.27272727E-01,  3.92124947E+00,  3.92117434E+00
  1.93939394E+00,  7.27272727E-01,  4.09791968E+00,  4.09787407E+00
  6.06060606E-02,  7.57575758E-01,  1.04698608E+00,  1.04698403E+00
  1.21212121E-01,  7.57575758E-01,  1.09617938E+00,  1.09617557E+00
  1.81818182E-01,  7.57575758E-01,  1.14768370E+00,  1.14767832E+00
  2.42424242E-01,  7.57575758E-01,  1.20160771E+00,  1.20160087E+00
  3.03030303E-01,  7.57575758E-01,  1.25806517E+00,  1.25805693E+00
  3.63636364E-01,  7.57575758E-01,  1.31717516E+00,  1.31716552E+00
  4.24242424E-01,  7.57575758E-01,  1.37906238E+00,  1.37905127E+00
  4.84848485E-01,  7.57575758E-01,  1.44385733E+00,  1.44384466E+00
  5.45454545E-01,  7.57575758E-01,  1.51169668E+00,  1.51168231E+00
  6.06060606E-01,  7.57575758E-01,  1.58272351E+00,  1.58270724E+00
  6.66666667E-01,  7.57575758E-01,  1.65708761E+00,  1.65706921E+00
  7.27272727E-01,  7.57575758E-01,  1.73494581E+00,  1.73492500E+00
  7.87878788E-01,  7.57575758E-01,  1.81646231E+00,  1.81643878E+00
  8.48484848E-01,  7.57575758E-01,  1.90180902E+00,  1.90178240E+00
  9.09090909E-01,  7.57575758E-01,  1.99116593E+00,  1.99113581E+00
  9.69696970E-01,  7.57575758E-01,  2.08472147E+00,  2.08468740E+00
  1.03030303E+00,  7.57575758E-01,  2.18267293E+00,  2.18263442E+00
  1.09090909E+00,  7.57575758E-01,  2.28522684E+00,  2.28518339E+00
  1.15151515E+00,  7.57575758E-01,  2.39259944E+00,  2.39255053E+00
  1.21212121E+00,  7.57575758E-01,  2.50501709E+00,  2.50496220E+00
  1.27272727E+00,  7.57575758E-01,  2.62271677E+00,  2.62265543E+00
  1.33333333E+00,  7.57575758E-01,  2.74594654E+00,  2.74587836E+00
  1.39393939E+00,  7.57575758E-01,  2.87496606E+00,  2.87489080E+00
  1.45454545E+00,  7.57575758E-01,  3.01004712E+00,  3.00996477E+00
  1.51515152E+00,  7.57575758E-01,  3.15147419E+00,  3.15138506E+00
  1.57575758E+00,  7.57575758E-01,  3.29954494E+00,  3.29944984E+00
  1.63636364E+00,  7.57575758E-01,  3.45457084E+00,  3.45447130E+00
  1.69696970E+00,  7.57575758E-01,  3.61687774E+00,  3.61677630E+00
  1.75757576E+00,  7.57575758E-01,  3.78680643E+00,  3.78670704E+00
  1.81818182E+00,  7.57575758E-01,  3.96471322E+00,  3.96462181E+00
  1.87878788E+00,  7.57575758E-01,  4.15097050E+00,  4.15089573E+00
  1.93939394E+00,  7.57575758E-01,  4.34596739E+00,  4.34592156E+00
  6.06060606E-02,  7.87878788E-01,  1.04891066E+00,  1.04890864E+00
  1.21212121E-01,  7.87878788E-01,  1.10021306E+00,  1.10020933E+00
  1.81818182E-01,  7.87878788E-01,  1.15402428E+00,  1.15401906E+00
  2.42424242E-01,  7.87878788E-01,  1.21046714E+00,  1.21046056E+00
  3.03030303E-01,  7.87878788E-01,  1.26967042E+00,  1.26966254E+00
  3.63636364E-01,  7.87878788E-01,  1.33176919E+00,  1.33176000E+00
  4.24242424E-01,  7.87878788E-01,  1.39690511E+00,  1.39689457E+00
  4.84848485E-01,  7.87878788E-01,  1.46522677E+00,  1.46521478E+00
  5.45454545E-01,  7.87878788E-01,  1.53689000E+00,  1.53687643E+00
  6.06060606E-01,  7.87878788E-01,  1.61205828E+00,  1.61204296E+00
  6.66666667E-01,  7.87878788E-01,  1.69090308E+00,  1.69088579E+00
  7.27272727E-01,  7.87878788E-01,  1.77360422E+00,  1.77358470E+00
  7.87878788E-01,  7.87878788E-01,  1.86035035E+00,  1.86032831E+00
  8.48484848E-01,  7.87878788E-01,  1.95133934E+00,  1.95131443E+00
  9.09090909E-01,  7.87878788E-01,  2.04677872E+00,  2.04675056E+00
  9.69696970E-01,  7.87878788E-01,  2.14688617E+00,  2.14685434E+00
  1.03030303E+00,  7.87878788E-01,  2.25189003E+00,  2.25185406E+00
  1.09090909E+00,  7.87878788E-01,  2.36202977E+00,  2.36198917E+00
  1.15151515E+00,  7.87878788E-01,  2.47755657E+00,  2.47751084E+00
  1.21212121E+00,  7.87878788E-01,  2.59873388E+00,  2.59868251E+00
  1.27272727E+00,  7.87878788E-01,  2.72583800E+00,  2.72578053E+00
  1.33333333E+00,  7.87878788E-01,  2.85915871E+00,  2.85909474E+00
  1.39393939E+00,  7.87878788E-01,  2.99899992E+00,  2.99892917E+00
  1.45454545E+00,  7.87878788E-01,  3.14568033E+00,  3.14560270E+00
  1.51515152E+00,  7.87878788E-01,  3.29953412E+00,  3.29944984E+00
  1.57575758E+00,  7.87878788E-01,  3.46091169E+00,  3.46082143E+00
  1.63636364E+00,  7.87878788E-01,  3.63018038E+00,  3.63008549E+00
  1.69696970E+00,  7.87878788E-01,  3.80772526E+00,  3.80762802E+00
  1.75757576E+00,  7.87878788E-01,  3.99394982E+00,  3.99385391E+00
  1.81818182E+00,  7.87878788E-01,  4.18927678E+00,  4.18918786E+00
  1.87878788E+00,  7.87878788E-01,  4.39414878E+00,  4.39407533E+00
  1.93939394E+00,  7.87878788E-01,  4.60902911E+00,  4.60898356E+00
  6.06060606E-02,  8.18181818E-01,  1.05083874E+00,  1.05083678E+00
  1.21212121E-01,  8.18181818E-01,  1.10426151E+00,  1.10425793E+00
  1.81818182E-01,  8.18181818E-01,  1.16039980E+00,  1.16039484E+00
  2.42424242E-01,  8.18181818E-01,  1.21939178E+00,  1.21938558E+00
  3.03030303E-01,  8.18181818E-01,  1.28138260E+00,  1.28137521E+00
  3.63636364E-01,  8.18181818E-01,  1.34652477E+00,  1.34651620E+00
  4.24242424E-01,  8.18181818E-01,  1.41497854E+00,  1.41496874E+00
  4.84848485E-01,  8.18181818E-01,  1.48691230E+00,  1.48690119E+00
  5.45454545E-01,  8.18181818E-01,  1.56250299E+00,  1.56249045E+00
  6.06060606E-01,  8.18181818E-01,  1.64193656E+00,  1.64192243E+00
  6.66666667E-01,  8.18181818E-01,  1.72540838E+00,  1.72539247E+00
  7.27272727E-01,  8.18181818E-01,  1.81312379E+00,  1.81310587E+00
  7.87878788E-01,  8.18181818E-01,  1.90529853E+00,  1.90527832E+00
  8.48484848E-01,  8.18181818E-01,  2.00215935E+00,  2.00213653E+00
  9.09090909E-01,  8.18181818E-01,  2.10394447E+00,  2.10391870E+00
  9.69696970E-01,  8.18181818E-01,  2.21090426E+00,  2.21087514E+00
  1.03030303E+00,  8.18181818E-01,  2.32330181E+00,  2.32326891E+00
  1.09090909E+00,  8.18181818E-01,  2.44141355E+00,  2.44137641E+00
  1.15151515E+00,  8.18181818E-01,  2.56552997E+00,  2.56548812E+00
  1.21212121E+00,  8.18181818E-01,  2.69595631E+00,  2.69590927E+00
  1.27272727E+00,  8.18181818E-01,  2.83301330E+00,  2.83296060E+00
  1.33333333E+00,  8.18181818E-01,  2.97703794E+00,  2.97697919E+00
  1.39393939E+00,  8.18181818E-01,  3.12838434E+00,  3.12831921E+00
  1.45454545E+00,  8.18181818E-01,  3.28742451E+00,  3.28735288E+00
  1.51515152E+00,  8.18181818E-01,  3.45454932E+00,  3.45447130E+00
  1.57575758E+00,  8.18181818E-01,  3.63016936E+00,  3.63008549E+00
  1.63636364E+00,  8.18181818E-01,  3.81471594E+00,  3.81462733E+00
  1.69696970E+00,  8.18181818E-01,  4.00864202E+00,  4.00855069E+00
  1.75757576E+00,  8.18181818E-01,  4.21242322E+00,  4.21233249E+00
  1.81818182E+00,  8.18181818E-01,  4.42655878E+00,  4.42647389E+00
  1.87878788E+00,  8.18181818E-01,  4.65157247E+00,  4.65150156E+00
  1.93939394E+00,  8.18181818E-01,  4.88801350E+00,  4.88796890E+00
  6.06060606E-02,  8.48484848E-01,  1.05277033E+00,  1.05276846E+00
  1.21212121E-01,  8.48484848E-01,  1.10832478E+00,  1.10832143E+00
  1.81818182E-01,  8.48484848E-01,  1.16681043E+00,  1.16680585E+00
  2.42424242E-01,  8.48484848E-01,  1.22838209E+00,  1.22837640E+00
  3.03030303E-01,  8.48484848E-01,  1.29320267E+00,  1.29319593E+00
  3.63636364E-01,  8.48484848E-01,  1.36144367E+00,  1.36143589E+00
  4.24242424E-01,  8.48484848E-01,  1.43328563E+00,  1.43327677E+00
  4.84848485E-01,  8.48484848E-01,  1.50891859E+00,  1.50890858E+00
  5.45454545E-01,  8.48484848E-01,  1.58854263E+00,  1.58853136E+00
  6.06060606E-01,  8.48484848E-01,  1.67236838E+00,  1.67235572E+00
  6.66666667E-01,  8.48484848E-01,  1.76061758E+00,  1.76060336E+00
  7.27272727E-01,  8.48484848E-01,  1.85352368E+00,  1.85350768E+00
  7.87878788E-01,  8.48484848E-01,  1.95133245E+00,  1.95131443E+00
  8.48484848E-01,  8.48484848E-01,  2.05430260E+00,  2.05428229E+00
  9.09090909E-01,  8.48484848E-01,  2.16270653E+00,  2.16268361E+00
  9.69696970E-01,  8.48484848E-01,  2.27683098E+00,  2.27680510E+00
  1.03030303E+00,  8.48484848E-01,  2.39697783E+00,  2.39694860E+00
  1.09090909E+00,  8.48484848E-01,  2.52346489E+00,  2.52343189E+00
  1.15151515E+00,  8.48484848E-01,  2.65662671E+00,  2.65658950E+00
  1.21212121E+00,  8.48484848E-01,  2.79681550E+00,  2.79677364E+00
  1.27272727E+00,  8.48484848E-01,  2.94440203E+00,  2.94435509E+00
  1.33333333E+00,  8.48484848E-01,  3.09977660E+00,  3.09972417E+00
  1.39393939E+00,  8.48484848E-01,  3.26335008E+00,  3.26329185E+00
  1.45454545E+00,  8.48484848E-01,  3.43555496E+00,  3.43549074E+00
  1.51515152E+00,  8.48484848E-01,  3.61684647E+00,  3.61677630E+00
  1.57575758E+00,  8.48484848E-01,  3.80770376E+00,  3.80762802E+00
  1.63636364E+00,  8.48484848E-01,  4.00863110E+00,  4.00855069E+00
  1.69696970E+00,  8.48484848E-01,  4.22015915E+00,  4.22007574E+00
  1.75757576E+00,  8.48484848E-01,  4.44284616E+00,  4.44276265E+00
  1.81818182E+00,  8.48484848E-01,  4.67727933E+00,  4.67720039E+00
  1.87878788E+00,  8.48484848E-01,  4.92407588E+00,  4.92400906E+00
  1.93939394E+00,  8.48484848E-01,  5.18388418E+00,  5.18384144E+00
  6.06060606E-02,  8.78787879E-01,  1.05470540E+00,  1.05470370E+00
  1.21212121E-01,  8.78787879E-01,  1.11240289E+00,  1.11239989E+00
  1.81818182E-01,  8.78787879E-01,  1.17325635E+00,  1.17325227E+00
  2.42424242E-01,  8.78787879E-01,  1.23743853E+00,  1.23743351E+00
  3.03030303E-01,  8.78787879E-01,  1.30513160E+00,  1.30512570E+00
  3.63636364E-01,  8.78787879E-01,  1.37652768E+00,  1.37652090E+00
  4.24242424E-01,  8.78787879E-01,  1.45182937E+00,  1.45182168E+00
  4.84848485E-01,  8.78787879E-01,  1.53125035E+00,  1.53124169E+00
  5.45454545E-01,  8.78787879E-01,  1.61501599E+00,  1.61500628E+00
  6.06060606E-01,  8.78787879E-01,  1.70336398E+00,  1.70335309E+00
  6.66666667E-01,  8.78787879E-01,  1.79654501E+00,  1.79653280E+00
  7.27272727E-01,  8.78787879E-01,  1.89482349E+00,  1.89480979E+00
  7.87878788E-01,  8.78787879E-01,  1.99847830E+00,  1.99846289E+00
  8.48484848E-01,  8.78787879E-01,  2.10780355E+00,  2.10778620E+00
  9.09090909E-01,  8.78787879E-01,  2.22310945E+00,  2.22308989E+00
  9.69696970E-01,  8.78787879E-01,  2.34472321E+00,  2.34470113E+00
  1.03030303E+00,  8.78787879E-01,  2.47298987E+00,  2.47296495E+00
  1.09090909E+00,  8.78787879E-01,  2.60827341E+00,  2.60824527E+00
  1.15151515E+00,  8.78787879E-01,  2.75095767E+00,  2.75092593E+00
  1.21212121E+00,  8.78787879E-01,  2.90144748E+00,  2.90141175E+00
  1.27272727E+00,  8.78787879E-01,  3.06016982E+00,  3.06012970E+00
  1.33333333E+00,  8.78787879E-01,  3.22757498E+00,  3.22753011E+00
  1.39393939E+00,  8.78787879E-01,  3.40413789E+00,  3.40408793E+00
  1.45454545E+00,  8.78787879E-01,  3.59035936E+00,  3.59030413E+00
  1.51515152E+00,  8.78787879E-01,  3.78676759E+00,  3.78670704E+00
  1.57575758E+00,  8.78787879E-01,  3.99391954E+00,  3.99385391E+00
  1.63636364E+00,  8.78787879E-01,  4.21240253E+00,  4.21233249E+00
  1.69696970E+00,  8.78787879E-01,  4.44283577E+00,  4.44276265E+00
  1.75757576E+00,  8.78787879E-01,  4.68587204E+00,  4.68579819E+00
  1.81818182E+00,  8.78787879E-01,  4.94219926E+00,  4.94212867E+00
  1.87878788E+00,  8.78787879E-01,  5.21254205E+00,  5.21248138E+00
  1.93939394E+00,  8.78787879E-01,  5.49766302E+00,  5.49762338E+00
  6.06060606E-02,  9.09090909E-01,  1.05664397E+00,  1.05664249E+00
  1.21212121E-01,  9.09090909E-01,  1.11649589E+00,  1.11649335E+00
  1.81818182E-01,  9.09090909E-01,  1.17973771E+00,  1.17973431E+00
  2.42424242E-01,  9.09090909E-01,  1.24656155E+00,  1.24655740E+00
  3.03030303E-01,  9.09090909E-01,  1.31717036E+00,  1.31716552E+00
  3.63636364E-01,  9.09090909E-01,  1.39177859E+00,  1.39177305E+00
  4.24242424E-01,  9.09090909E-01,  1.47061280E+00,  1.47060654E+00
  4.84848485E-01,  9.09090909E-01,  1.55391238E+00,  1.55390536E+00
  5.45454545E-01,  9.09090909E-01,  1.64193028E+00,  1.64192243E+00
  6.06060606E-01,  9.09090909E-01,  1.73493379E+00,  1.73492500E+00
  6.66666667E-01,  9.09090909E-01,  1.83320530E+00,  1.83319548E+00
  7.27272727E-01,  9.09090909E-01,  1.93704324E+00,  1.93703223E+00
  7.87878788E-01,  9.09090909E-01,  2.04676292E+00,  2.04675056E+00
  8.48484848E-01,  9.09090909E-01,  2.16269750E+00,  2.16268361E+00
  9.09090909E-01,  9.09090909E-01,  2.28519904E+00,  2.28518339E+00
  9.69696970E-01,  9.09090909E-01,  2.41463952E+00,  2.41462187E+00
  1.03030303E+00,  9.09090909E-01,  2.55141198E+00,  2.55139207E+00
  1.09090909E+00,  9.09090909E-01,  2.69593175E+00,  2.69590927E+00
  1.15151515E+00,  9.09090909E-01,  2.84863764E+00,  2.84861228E+00
  1.21212121E+00,  9.09090909E-01,  3.00999335E+00,  3.00996477E+00
  1.27272727E+00,  9.09090909E-01,  3.18048879E+00,  3.18045667E+00
  1.33333333E+00,  9.09090909E-01,  3.36064165E+00,  3.36060565E+00
  1.39393939E+00,  9.09090909E-01,  3.55099887E+00,  3.55095873E+00
  1.45454545E+00,  9.09090909E-01,  3.75213838E+00,  3.75209387E+00
  1.51515152E+00,  9.09090909E-01,  3.96467077E+00,  3.96462181E+00
  1.57575758E+00,  9.09090909E-01,  4.18924115E+00,  4.18918786E+00
  1.63636364E+00,  9.09090909E-01,  4.42653106E+00,  4.42647389E+00
  1.69696970E+00,  9.09090909E-01,  4.67726049E+00,  4.67720039E+00
  1.75757576E+00,  9.09090909E-01,  4.94218992E+00,  4.94212867E+00
  1.81818182E+00,  9.09090909E-01,  5.22212242E+00,  5.22206314E+00
  1.87878788E+00,  9.09090909E-01,  5.51790567E+00,  5.51785380E+00
  1.93939394E+00,  9.09090909E-01,  5.83043359E+00,  5.83039878E+00
  6.06060606E-02,  9.39393939E-01,  1.05858599E+00,  1.05858485E+00
  1.21212121E-01,  9.39393939E-01,  1.12060379E+00,  1.12060188E+00
  1.81818182E-01,  9.39393939E-01,  1.18625469E+00,  1.18625217E+00
  2.42424242E-01,  9.39393939E-01,  1.25575161E+00,  1.25574857E+00
  3.03030303E-01,  9.39393939E-01,  1.32931994E+00,  1.32931641E+00
  3.63636364E-01,  9.39393939E-01,  1.40719822E+00,  1.40719420E+00
  4.24242424E-01,  9.39393939E-01,  1.48963898E+00,  1.48963446E+00
  4.84848485E-01,  9.39393939E-01,  1.57690953E+00,  1.57690447E+00
  5.45454545E-01,  9.39393939E-01,  1.66929282E+00,  1.66928718E+00
  6.06060606E-01,  9.39393939E-01,  1.76708840E+00,  1.76708211E+00
  6.66666667E-01,  9.39393939E-01,  1.87061337E+00,  1.87060634E+00
  7.27272727E-01,  9.39393939E-01,  1.98020339E+00,  1.98019553E+00
  7.87878788E-01,  9.39393939E-01,  2.09621379E+00,  2.09620498E+00
  8.48484848E-01,  9.39393939E-01,  2.21902072E+00,  2.21901083E+00
  9.09090909E-01,  9.39393939E-01,  2.34902237E+00,  2.34901124E+00
  9.69696970E-01,  9.39393939E-01,  2.48664024E+00,  2.48662770E+00
  1.03030303E+00,  9.39393939E-01,  2.63232055E+00,  2.63230641E+00
  1.09090909E+00,  9.39393939E-01,  2.78653564E+00,  2.78651967E+00
  1.15151515E+00,  9.39393939E-01,  2.94978552E+00,  2.94976750E+00
  1.21212121E+00,  9.39393939E-01,  3.12259949E+00,  3.12257918E+00
  1.27272727E+00,  9.39393939E-01,  3.30553786E+00,  3.30551500E+00
  1.33333333E+00,  9.39393939E-01,  3.49919374E+00,  3.49916809E+00
  1.39393939E+00,  9.39393939E-01,  3.70419498E+00,  3.70416632E+00
  1.45454545E+00,  9.39393939E-01,  3.92120620E+00,  3.92117434E+00
  1.51515152E+00,  9.39393939E-01,  4.15093090E+00,  4.15089573E+00
  1.57575758E+00,  9.39393939E-01,  4.39411376E+00,  4.39407533E+00
  1.63636364E+00,  9.39393939E-01,  4.65154302E+00,  4.65150156E+00
  1.69696970E+00,  9.39393939E-01,  4.92405296E+00,  4.92400906E+00
  1.75757576E+00,  9.39393939E-01,  5.21252654E+00,  5.21248138E+00
  1.81818182E+00,  9.39393939E-01,  5.51789811E+00,  5.51785380E+00
  1.87878788E+00,  9.39393939E-01,  5.84115601E+00,  5.84111642E+00
  1.93939394E+00,  9.39393939E-01,  6.18334483E+00,  6.18331733E+00
  6.06060606E-02,  9.69696970E-01,  1.06053145E+00,  1.06053077E+00
  1.21212121E-01,  9.69696970E-01,  1.12472661E+00,  1.12472552E+00
  1.81818182E-01,  9.69696970E-01,  1.19280743E+00,  1.19280603E+00
  2.42424242E-01,  9.69696970E-01,  1.26500918E+00,  1.26500750E+00
  3.03030303E-01,  9.69696970E-01,  1.34158132E+00,  1.34157939E+00
  3.63636364E-01,  9.69696970E-01,  1.42278841E+00,  1.42278623E+00
  4.24242424E-01,  9.69696970E-01,  1.50891103E+00,  1.50890858E+00
  4.84848485E-01,  9.69696970E-01,  1.60024672E+00,  1.60024398E+00
  5.45454545E-01,  9.69696970E-01,  1.69711103E+00,  1.69710799E+00
  6.06060606E-01,  9.69696970E-01,  1.79983864E+00,  1.79983525E+00
  6.66666667E-01,  9.69696970E-01,  1.90878444E+00,  1.90878067E+00
  7.27272727E-01,  9.69696970E-01,  2.02432485E+00,  2.02432064E+00
  7.87878788E-01,  9.69696970E-01,  2.14685905E+00,  2.14685434E+00
  8.48484848E-01,  9.69696970E-01,  2.27681037E+00,  2.27680510E+00
  9.09090909E-01,  9.69696970E-01,  2.41462780E+00,  2.41462187E+00
  9.69696970E-01,  9.69696970E-01,  2.56078748E+00,  2.56078080E+00
  1.03030303E+00,  9.69696970E-01,  2.71579438E+00,  2.71578685E+00
  1.09090909E+00,  9.69696970E-01,  2.88018403E+00,  2.88017553E+00
  1.15151515E+00,  9.69696970E-01,  3.05452438E+00,  3.05451478E+00
  1.21212121E+00,  9.69696970E-01,  3.23941775E+00,  3.23940693E+00
  1.27272727E+00,  9.69696970E-01,  3.43550293E+00,  3.43549074E+00
  1.33333333E+00,  9.69696970E-01,  3.64345735E+00,  3.64344365E+00
  1.39393939E+00,  9.69696970E-01,  3.86399946E+00,  3.86398412E+00
  1.45454545E+00,  9.69696970E-01,  4.09789116E+00,  4.09787407E+00
  1.51515152E+00,  9.69696970E-01,  4.34594049E+00,  4.34592156E+00
  1.57575758E+00,  9.69696970E-01,  4.60900433E+00,  4.60898356E+00
  1.63636364E+00,  9.69696970E-01,  4.88799144E+00,  4.88796890E+00
  1.69696970E+00,  9.69696970E-01,  5.18386548E+00,  5.18384144E+00
  1.75757576E+00,  9.69696970E-01,  5.49764836E+00,  5.49762338E+00
  1.81818182E+00,  9.69696970E-01,  5.83042365E+00,  5.83039878E+00
  1.87878788E+00,  9.69696970E-01,  6.18334009E+00,  6.18331733E+00
  1.93939394E+00,  9.69696970E-01,  6.55761485E+00,  6.55759832E+00
